1,北海道札幌市中央区,43.05546,141.340956
2,北海道札幌市北区,43.09085,141.340831
3,北海道札幌市東区,43.076069,141.363722
4,北海道札幌市白石区,43.047687,141.405078
5,北海道札幌市豊平区,43.031291,141.380106
6,北海道札幌市南区,42.990031,141.353497
7,北海道札幌市西区,43.07447,141.300889
8,北海道札幌市厚別区,43.036408,141.474789
9,北海道札幌市手稲区,43.121944,141.245632
10,北海道札幌市清田区,42.999636,141.44383
11,北海道函館市,41.768793,140.72881
12,北海道小樽市,43.190717,140.994662
13,北海道旭川市,43.770636,142.364819
14,北海道室蘭市,42.315231,140.973799
15,北海道釧路市,42.984854,144.381356
16,北海道帯広市,42.923899,143.196103
17,北海道北見市,43.804031,143.895876
18,北海道夕張市,43.056734,141.973896
19,北海道岩見沢市,43.196206,141.775933
20,北海道網走市,44.020632,144.273398
21,北海道留萌市,43.940987,141.637012
22,北海道苫小牧市,42.634302,141.605372
23,北海道稚内市,45.415664,141.673082
24,北海道美唄市,43.332881,141.853785
25,北海道芦別市,43.518166,142.189436
26,北海道江別市,43.103745,141.536247
27,北海道赤平市,43.558074,142.044211
28,北海道紋別市,44.356484,143.354503
29,北海道士別市,44.178734,142.400404
30,北海道名寄市,44.355938,142.463167
31,北海道三笠市,43.245435,141.875327
32,北海道根室市,43.330076,145.58279
33,北海道千歳市,42.820958,141.650876
34,北海道滝川市,43.557795,141.91019
35,北海道砂川市,43.494843,141.903465
36,北海道歌志内市,43.521353,142.034568
37,北海道深川市,43.72326,142.053538
38,北海道富良野市,43.34214,142.383225
39,北海道登別市,42.41276,141.106632
40,北海道恵庭市,42.882562,141.577815
41,北海道伊達市,42.471851,140.864679
42,北海道北広島市,42.98563,141.563543
43,北海道石狩市,43.171384,141.31552
44,北海道北斗市,41.82406,140.652903
45,北海道石狩郡当別町,43.223683,141.517072
46,北海道石狩郡新篠津村,43.225424,141.649216
47,北海道松前郡松前町,41.430037,140.110435
48,北海道松前郡福島町,41.483802,140.251326
49,北海道上磯郡知内町,41.598356,140.418963
50,北海道上磯郡木古内町,41.678264,140.437568
51,北海道亀田郡七飯町,41.89572,140.69428
52,北海道茅部郡鹿部町,42.038487,140.815939
53,北海道茅部郡森町,42.104795,140.576324
54,北海道二海郡八雲町,42.255999,140.265281
55,北海道山越郡長万部町,42.513688,140.380633
56,北海道檜山郡江差町,41.869156,140.12746
57,北海道檜山郡上ノ国町,41.801082,140.121348
58,北海道檜山郡厚沢部町,41.920901,140.225472
59,北海道爾志郡乙部町,41.968501,140.135719
60,北海道奥尻郡奥尻町,42.172278,139.514008
61,北海道瀬棚郡今金町,42.429422,140.008878
62,北海道久遠郡せたな町,42.417161,139.882988
63,北海道島牧郡島牧村,42.70052,140.06146
64,北海道寿都郡寿都町,42.790979,140.22898
65,北海道寿都郡黒松内町,42.667864,140.30754
66,北海道磯谷郡蘭越町,42.809075,140.528312
67,北海道虻田郡ニセコ町,42.804705,140.687493
68,北海道虻田郡真狩村,42.762971,140.803744
69,北海道虻田郡留寿都村,42.73736,140.875591
70,北海道虻田郡喜茂別町,42.795472,140.9345
71,北海道虻田郡京極町,42.858208,140.884088
72,北海道虻田郡倶知安町,42.901829,140.758698
73,北海道虻田郡豊浦町,42.583447,140.711832
74,北海道虻田郡洞爺湖町,42.551269,140.764098
75,北海道岩内郡共和町,42.980398,140.611187
76,北海道岩内郡岩内町,42.979785,140.514753
77,北海道古宇郡泊村,43.063355,140.498859
78,北海道古宇郡神恵内村,43.143813,140.430742
79,北海道積丹郡積丹町,43.298853,140.598193
80,北海道古平郡古平町,43.26536,140.63882
81,北海道余市郡仁木町,43.151691,140.76613
82,北海道余市郡余市町,43.195232,140.783467
83,北海道余市郡赤井川村,43.08349,140.813481
84,北海道空知郡南幌町,43.063727,141.650069
85,北海道空知郡奈井江町,43.425106,141.882788
86,北海道空知郡上砂川町,43.482608,141.984084
87,北海道空知郡上富良野町,43.455661,142.467073
88,北海道空知郡中富良野町,43.405671,142.425136
89,北海道空知郡南富良野町,43.163979,142.568488
90,北海道夕張郡由仁町,42.999605,141.790338
91,北海道夕張郡長沼町,43.010353,141.695252
92,北海道夕張郡栗山町,43.056309,141.784255
93,北海道樺戸郡月形町,43.338436,141.669451
94,北海道樺戸郡浦臼町,43.430322,141.818837
95,北海道樺戸郡新十津川町,43.548547,141.877032
96,北海道雨竜郡妹背牛町,43.700112,141.961711
97,北海道雨竜郡秩父別町,43.767013,141.957958
98,北海道雨竜郡雨竜町,43.643924,141.88899
99,北海道雨竜郡北竜町,43.731356,141.879022
100,北海道雨竜郡沼田町,43.806802,141.933272
101,北海道雨竜郡幌加内町,44.009854,142.153933
102,北海道上川郡鷹栖町,43.843353,142.354451
103,北海道上川郡東神楽町,43.696626,142.451437
104,北海道上川郡当麻町,43.828177,142.508366
105,北海道上川郡比布町,43.875076,142.477552
106,北海道上川郡愛別町,43.906504,142.577973
107,北海道上川郡上川町,43.84718,142.770431
108,北海道上川郡東川町,43.698974,142.510317
109,北海道上川郡美瑛町,43.588187,142.466972
110,北海道上川郡和寒町,44.023068,142.413306
111,北海道上川郡剣淵町,44.095677,142.361221
112,北海道上川郡下川町,44.302503,142.635308
113,北海道上川郡新得町,43.079796,142.838737
114,北海道上川郡清水町,43.011356,142.88454
115,北海道勇払郡占冠村,42.979779,142.398357
116,北海道勇払郡厚真町,42.723662,141.877935
117,北海道勇払郡安平町,42.762815,141.818017
118,北海道勇払郡むかわ町,42.574807,141.92675
119,北海道中川郡美深町,44.481126,142.343014
120,北海道中川郡音威子府村,44.725004,142.262464
121,北海道中川郡中川町,44.811346,142.071438
122,北海道中川郡幕別町,42.908234,143.355969
123,北海道中川郡池田町,42.928955,143.448355
124,北海道中川郡豊頃町,42.801052,143.505919
125,北海道中川郡本別町,43.124712,143.610573
126,北海道増毛郡増毛町,43.856033,141.525198
127,北海道留萌郡小平町,44.015108,141.662575
128,北海道苫前郡苫前町,44.30604,141.653022
129,北海道苫前郡羽幌町,44.360683,141.69725
130,北海道苫前郡初山別村,44.532154,141.766409
131,北海道天塩郡遠別町,44.722139,141.792369
132,北海道天塩郡天塩町,44.888341,141.745397
133,北海道天塩郡豊富町,45.102933,141.777505
134,北海道天塩郡幌延町,45.017711,141.849384
135,北海道宗谷郡猿払村,45.330616,142.109192
136,北海道枝幸郡浜頓別町,45.123694,142.359948
137,北海道枝幸郡中頓別町,44.969819,142.286735
138,北海道枝幸郡枝幸町,44.938714,142.581411
139,北海道礼文郡礼文町,45.30302,141.047689
140,北海道利尻郡利尻町,45.187068,141.139627
141,北海道利尻郡利尻富士町,45.247735,141.214344
142,北海道網走郡美幌町,43.823782,144.107042
143,北海道網走郡津別町,43.706453,144.025032
144,北海道網走郡大空町,43.91185,144.172709
145,北海道斜里郡斜里町,43.911513,144.670605
146,北海道斜里郡清里町,43.835216,144.594562
147,北海道斜里郡小清水町,43.856852,144.462025
148,北海道常呂郡訓子府町,43.725255,143.74173
149,北海道常呂郡置戸町,43.676323,143.586397
150,北海道常呂郡佐呂間町,44.017756,143.774506
151,北海道紋別郡遠軽町,44.061953,143.527947
152,北海道紋別郡湧別町,44.151598,143.572894
153,北海道紋別郡滝上町,44.192203,143.077588
154,北海道紋別郡興部町,44.469878,143.123891
155,北海道紋別郡西興部村,44.328853,142.944392
156,北海道紋別郡雄武町,44.582551,142.96181
157,北海道有珠郡壮瞥町,42.552283,140.886014
158,北海道白老郡白老町,42.55126,141.355955
159,北海道沙流郡日高町,42.48029,142.074398
160,北海道沙流郡平取町,42.585081,142.128523
161,北海道新冠郡新冠町,42.362406,142.318332
162,北海道浦河郡浦河町,42.168516,142.76812
163,北海道様似郡様似町,42.127853,142.93355
164,北海道幌泉郡えりも町,42.01628,143.148443
165,北海道日高郡新ひだか町,42.341281,142.368591
166,北海道河東郡音更町,42.994143,143.19796
167,北海道河東郡士幌町,43.168027,143.241377
168,北海道河東郡上士幌町,43.232548,143.296189
169,北海道河東郡鹿追町,43.099102,142.989043
170,北海道河西郡芽室町,42.91186,143.050863
171,北海道河西郡中札内村,42.697614,143.132443
172,北海道河西郡更別村,42.650351,143.187858
173,北海道広尾郡大樹町,42.49754,143.278814
174,北海道広尾郡広尾町,42.285838,143.311496
175,北海道足寄郡足寄町,43.244801,143.553905
176,北海道足寄郡陸別町,43.468981,143.747243
177,北海道十勝郡浦幌町,42.808927,143.658396
178,北海道釧路郡釧路町,42.996045,144.466032
179,北海道厚岸郡厚岸町,43.051871,144.84736
180,北海道厚岸郡浜中町,43.077145,145.129369
181,北海道川上郡標茶町,43.30344,144.600779
182,北海道川上郡弟子屈町,43.485348,144.459221
183,北海道阿寒郡鶴居村,43.229887,144.321216
184,北海道白糠郡白糠町,42.956177,144.071805
185,北海道野付郡別海町,43.393787,145.117271
186,北海道標津郡中標津町,43.555242,144.971391
187,北海道標津郡標津町,43.661387,145.131319
188,北海道目梨郡羅臼町,44.021876,145.18962
189,青森県青森市,40.822072,140.747365
190,青森県弘前市,40.603124,140.463922
191,青森県八戸市,40.512284,141.488399
192,青森県黒石市,40.642632,140.594645
193,青森県五所川原市,40.808002,140.44009
194,青森県十和田市,40.612703,141.205908
195,青森県三沢市,40.683134,141.368976
196,青森県むつ市,41.292746,141.183476
197,青森県つがる市,40.808639,140.380059
198,青森県平川市,40.584011,140.566478
199,青森県東津軽郡平内町,40.926031,140.95592
200,青森県東津軽郡今別町,41.181757,140.481654
201,青森県東津軽郡蓬田村,40.971714,140.655966
202,青森県東津軽郡外ヶ浜町,41.043159,140.632296
203,青森県西津軽郡鰺ヶ沢町,40.779913,140.208695
204,青森県西津軽郡深浦町,40.647895,139.927375
205,青森県中津軽郡西目屋村,40.576709,140.296288
206,青森県南津軽郡藤崎町,40.656069,140.502811
207,青森県南津軽郡大鰐町,40.518188,140.567828
208,青森県南津軽郡田舎館村,40.631252,140.550116
209,青森県北津軽郡板柳町,40.695894,140.457324
210,青森県北津軽郡鶴田町,40.758605,140.428382
211,青森県北津軽郡中泊町,40.965179,140.43984
212,青森県上北郡野辺地町,40.864469,141.128757
213,青森県上北郡七戸町,40.697416,141.151021
214,青森県上北郡六戸町,40.609521,141.324949
215,青森県上北郡横浜町,41.083147,141.247793
216,青森県上北郡東北町,40.727876,141.257882
217,青森県上北郡六ヶ所村,40.967344,141.374552
218,青森県上北郡おいらせ町,40.599107,141.397797
219,青森県下北郡大間町,41.526771,140.907438
220,青森県下北郡東通村,41.277787,141.328936
221,青森県下北郡風間浦村,41.487574,140.995729
222,青森県下北郡佐井村,41.429706,140.859129
223,青森県三戸郡三戸町,40.378407,141.258745
224,青森県三戸郡五戸町,40.531225,141.30779
225,青森県三戸郡田子町,40.339962,141.15205
226,青森県三戸郡南部町,40.466593,141.381986
227,青森県三戸郡階上町,40.452489,141.620851
228,青森県三戸郡新郷村,40.465626,141.173464
229,岩手県盛岡市,39.702053,141.154484
230,岩手県宮古市,39.64142,141.95714
231,岩手県大船渡市,39.081901,141.70853
232,岩手県花巻市,39.388578,141.116645
233,岩手県北上市,39.286765,141.113191
234,岩手県久慈市,40.190524,141.775583
235,岩手県遠野市,39.327838,141.533303
236,岩手県一関市,38.934682,141.1268
237,岩手県陸前高田市,39.027661,141.625495
238,岩手県釜石市,39.275818,141.885677
239,岩手県二戸市,40.271213,141.304817
240,岩手県八幡平市,39.956477,141.071292
241,岩手県奥州市,39.144529,141.139141
242,岩手県滝沢市,39.734684,141.077095
243,岩手県岩手郡雫石町,39.696288,140.975776
244,岩手県岩手郡葛巻町,40.039896,141.436465
245,岩手県岩手郡岩手町,39.97259,141.212516
246,岩手県紫波郡紫波町,39.554568,141.155659
247,岩手県紫波郡矢巾町,39.605981,141.142889
248,岩手県和賀郡西和賀町,39.434621,140.750124
249,岩手県胆沢郡金ケ崎町,39.195742,141.116324
250,岩手県西磐井郡平泉町,38.986662,141.113822
251,岩手県気仙郡住田町,39.14223,141.575047
252,岩手県上閉伊郡大槌町,39.358231,141.899422
253,岩手県下閉伊郡山田町,39.467662,141.94895
254,岩手県下閉伊郡岩泉町,39.843042,141.796303
255,岩手県下閉伊郡田野畑村,39.93045,141.888868
256,岩手県下閉伊郡普代村,40.005167,141.885908
257,岩手県九戸郡軽米町,40.326746,141.460633
258,岩手県九戸郡野田村,40.110266,141.817668
259,岩手県九戸郡九戸村,40.211392,141.418985
260,岩手県九戸郡洋野町,40.284263,141.624833
261,岩手県二戸郡一戸町,40.213011,141.295475
262,宮城県仙台市青葉区,38.269076,140.870403
263,宮城県仙台市宮城野区,38.266139,140.909832
264,宮城県仙台市若林区,38.244224,140.900756
265,宮城県仙台市太白区,38.224348,140.877134
266,宮城県仙台市泉区,38.326375,140.881629
267,宮城県石巻市,38.43448,141.302917
268,宮城県塩竈市,38.314362,141.022027
269,宮城県気仙沼市,38.908078,141.569992
270,宮城県白石市,38.002478,140.61986
271,宮城県名取市,38.17152,140.891913
272,宮城県角田市,37.977063,140.78199
273,宮城県多賀城市,38.293839,141.004225
274,宮城県岩沼市,38.104292,140.870138
275,宮城県登米市,38.691923,141.187579
276,宮城県栗原市,38.730128,141.021333
277,宮城県東松島市,38.426168,141.210242
278,宮城県大崎市,38.577071,140.95535
279,宮城県刈田郡蔵王町,38.098164,140.658416
280,宮城県刈田郡七ヶ宿町,37.993063,140.441612
281,宮城県柴田郡大河原町,38.049493,140.730721
282,宮城県柴田郡村田町,38.118539,140.722404
283,宮城県柴田郡柴田町,38.056563,140.76579
284,宮城県柴田郡川崎町,38.177737,140.643202
285,宮城県伊具郡丸森町,37.911429,140.765528
286,宮城県亘理郡亘理町,38.03746,140.852581
287,宮城県亘理郡山元町,37.961668,140.877818
288,宮城県宮城郡松島町,38.380128,141.067244
289,宮城県宮城郡七ヶ浜町,38.304613,141.059186
290,宮城県宮城郡利府町,38.33019,140.975722
291,宮城県黒川郡大和町,38.437329,140.886306
292,宮城県黒川郡大郷町,38.42426,141.004445
293,宮城県黒川郡富谷町,38.399815,140.895408
294,宮城県黒川郡大衡村,38.467226,140.880087
295,宮城県加美郡色麻町,38.54892,140.849878
296,宮城県加美郡加美町,38.571767,140.854751
297,宮城県遠田郡涌谷町,38.539646,141.128075
298,宮城県遠田郡美里町,38.544391,141.056695
299,宮城県牡鹿郡女川町,38.449733,141.443088
300,宮城県本吉郡南三陸町,38.679771,141.460514
301,秋田県秋田市,39.720008,140.102564
302,秋田県能代市,40.212151,140.026624
303,秋田県横手市,39.313782,140.566649
304,秋田県大館市,40.271405,140.564285
305,秋田県男鹿市,39.886818,139.847558
306,秋田県湯沢市,39.164304,140.495663
307,秋田県鹿角市,40.215778,140.788436
308,秋田県由利本荘市,39.385877,140.048791
309,秋田県潟上市,39.857288,140.013054
310,秋田県大仙市,39.453088,140.475448
311,秋田県北秋田市,40.226054,140.370742
312,秋田県にかほ市,39.203012,139.907713
313,秋田県仙北市,39.700069,140.730588
314,秋田県鹿角郡小坂町,40.333092,140.736081
315,秋田県北秋田郡上小阿仁村,40.063266,140.295767
316,秋田県山本郡藤里町,40.27836,140.261704
317,秋田県山本郡三種町,40.101626,140.004748
318,秋田県山本郡八峰町,40.318724,140.038648
319,秋田県南秋田郡五城目町,39.943892,140.111306
320,秋田県南秋田郡八郎潟町,39.949382,140.073318
321,秋田県南秋田郡井川町,39.914169,140.081294
322,秋田県南秋田郡大潟村,40.017792,139.960067
323,秋田県仙北郡美郷町,39.461905,140.581299
324,秋田県雄勝郡羽後町,39.199323,140.412923
325,秋田県雄勝郡東成瀬村,39.179183,140.64889
326,山形県山形市,38.255439,140.339602
327,山形県米沢市,37.92224,140.116781
328,山形県鶴岡市,38.727197,139.826731
329,山形県酒田市,38.914433,139.836515
330,山形県新庄市,38.765015,140.301608
331,山形県寒河江市,38.380964,140.275967
332,山形県上山市,38.149562,140.267827
333,山形県村山市,38.483344,140.380372
334,山形県長井市,38.107494,140.040524
335,山形県天童市,38.362265,140.377886
336,山形県東根市,38.431354,140.39109
337,山形県尾花沢市,38.600622,140.405691
338,山形県南陽市,38.055141,140.148375
339,山形県東村山郡山辺町,38.289114,140.262178
340,山形県東村山郡中山町,38.333114,140.283034
341,山形県西村山郡河北町,38.426271,140.314284
342,山形県西村山郡西川町,38.426499,140.147347
343,山形県西村山郡朝日町,38.299248,140.145926
344,山形県西村山郡大江町,38.380648,140.207013
345,山形県北村山郡大石田町,38.593863,140.37268
346,山形県最上郡金山町,38.883357,140.339456
347,山形県最上郡最上町,38.758387,140.519354
348,山形県最上郡舟形町,38.691444,140.319776
349,山形県最上郡真室川町,38.857859,140.252301
350,山形県最上郡大蔵村,38.704182,140.230374
351,山形県最上郡鮭川村,38.796457,140.222052
352,山形県最上郡戸沢村,38.737473,140.143804
353,山形県東置賜郡高畠町,38.002736,140.18916
354,山形県東置賜郡川西町,38.004479,140.04579
355,山形県西置賜郡小国町,38.061627,139.743364
356,山形県西置賜郡白鷹町,38.183095,140.098438
357,山形県西置賜郡飯豊町,38.045827,139.987529
358,山形県東田川郡三川町,38.794487,139.849696
359,山形県東田川郡庄内町,38.849915,139.904745
360,山形県飽海郡遊佐町,39.014616,139.907352
361,福島県福島市,37.760834,140.474728
362,福島県会津若松市,37.494761,139.92981
363,福島県郡山市,37.400529,140.359742
364,福島県いわき市,37.05042,140.887682
365,福島県白河市,37.126362,140.210943
366,福島県須賀川市,37.292893,140.356975
367,福島県喜多方市,37.651355,139.874609
368,福島県相馬市,37.796624,140.91947
369,福島県二本松市,37.584858,140.431129
370,福島県田村市,37.44055,140.576422
371,福島県南相馬市,37.642161,140.957276
372,福島県伊達市,37.819138,140.562908
373,福島県本宮市,37.513131,140.39389
374,福島県伊達郡桑折町,37.849537,140.516352
375,福島県伊達郡国見町,37.837,140.549185
376,福島県伊達郡川俣町,37.663922,140.597333
377,福島県安達郡大玉村,37.534392,140.371189
378,福島県岩瀬郡鏡石町,37.25283,140.343408
379,福島県岩瀬郡天栄村,37.255606,140.247074
380,福島県南会津郡下郷町,37.25558,139.872128
381,福島県南会津郡檜枝岐村,37.024146,139.388945
382,福島県南会津郡只見町,37.348801,139.316091
383,福島県南会津郡南会津町,37.200395,139.773199
384,福島県耶麻郡北塩原村,37.655715,139.937374
385,福島県耶麻郡西会津町,37.588798,139.647495
386,福島県耶麻郡磐梯町,37.562115,139.98878
387,福島県耶麻郡猪苗代町,37.557768,140.104761
388,福島県河沼郡会津坂下町,37.561481,139.821643
389,福島県河沼郡湯川村,37.565299,139.886778
390,福島県河沼郡柳津町,37.52616,139.719542
391,福島県大沼郡三島町,37.470369,139.644447
392,福島県大沼郡金山町,37.453851,139.524298
393,福島県大沼郡昭和村,37.335416,139.61066
394,福島県大沼郡会津美里町,37.459854,139.841178
395,福島県西白河郡西郷村,37.141696,140.155364
396,福島県西白河郡泉崎村,37.157052,140.295252
397,福島県西白河郡中島村,37.148757,140.350204
398,福島県西白河郡矢吹町,37.201278,140.338608
399,福島県東白川郡棚倉町,37.029905,140.379648
400,福島県東白川郡矢祭町,36.871403,140.424783
401,福島県東白川郡塙町,36.957437,140.409573
402,福島県東白川郡鮫川村,37.042327,140.509669
403,福島県石川郡石川町,37.14433,140.452351
404,福島県石川郡玉川村,37.210706,140.409038
405,福島県石川郡平田村,37.221786,140.575876
406,福島県石川郡浅川町,37.080995,140.412809
407,福島県石川郡古殿町,37.089093,140.555649
408,福島県田村郡三春町,37.441048,140.492569
409,福島県田村郡小野町,37.286823,140.626277
410,福島県双葉郡広野町,37.214559,140.994458
411,福島県双葉郡楢葉町,37.2825,140.993611
412,福島県双葉郡富岡町,37.333056,141.016944
413,福島県双葉郡川内村,37.337691,140.809345
414,福島県双葉郡大熊町,37.404444,140.983611
415,福島県双葉郡双葉町,37.449167,141.0125
416,福島県双葉郡浪江町,37.483333,141
417,福島県双葉郡葛尾村,37.503611,140.764444
418,福島県相馬郡新地町,37.876357,140.919599
419,福島県相馬郡飯舘村,37.67919,140.735247
420,茨城県水戸市,36.366503,140.470996
421,茨城県日立市,36.599154,140.651469
422,茨城県土浦市,36.078297,140.204333
423,茨城県古河市,36.184645,139.702525
424,茨城県石岡市,36.190048,140.287556
425,茨城県結城市,36.305417,139.876641
426,茨城県龍ヶ崎市,35.911594,140.182264
427,茨城県下妻市,36.184514,139.967374
428,茨城県常総市,36.023494,139.993617
429,茨城県常陸太田市,36.538275,140.53095
430,茨城県高萩市,36.719147,140.716688
431,茨城県北茨城市,36.801911,140.750979
432,茨城県笠間市,36.3453,140.304354
433,茨城県取手市,35.911442,140.050468
434,茨城県牛久市,35.979375,140.149524
435,茨城県つくば市,36.083486,140.076642
436,茨城県ひたちなか市,36.396615,140.534676
437,茨城県鹿嶋市,35.965756,140.644813
438,茨城県潮来市,35.947123,140.555372
439,茨城県守谷市,35.951421,139.975391
440,茨城県常陸大宮市,36.542577,140.41089
441,茨城県那珂市,36.457469,140.486854
442,茨城県筑西市,36.307053,139.983123
443,茨城県坂東市,36.048738,139.88832
444,茨城県稲敷市,35.956492,140.323908
445,茨城県かすみがうら市,36.094529,140.330691
446,茨城県桜川市,36.32725,140.090433
447,茨城県神栖市,35.889966,140.664513
448,茨城県行方市,35.990416,140.489025
449,茨城県鉾田市,36.15864,140.516461
450,茨城県つくばみらい市,35.963024,140.03702
451,茨城県小美玉市,36.239345,140.352576
452,茨城県東茨城郡茨城町,36.286921,140.424514
453,茨城県東茨城郡大洗町,36.313443,140.574974
454,茨城県東茨城郡城里町,36.479363,140.376166
455,茨城県那珂郡東海村,36.47288,140.566299
456,茨城県久慈郡大子町,36.768096,140.355266
457,茨城県稲敷郡美浦村,36.004562,140.301914
458,茨城県稲敷郡阿見町,36.030795,140.214786
459,茨城県稲敷郡河内町,35.884794,140.244465
460,茨城県結城郡八千代町,36.181635,139.891129
461,茨城県猿島郡五霞町,36.114113,139.745832
462,茨城県猿島郡境町,36.108426,139.794961
463,茨城県北相馬郡利根町,35.857747,140.139148
464,栃木県宇都宮市,36.555112,139.882807
465,栃木県足利市,36.340151,139.449698
466,栃木県栃木市,36.38238,139.734081
467,栃木県佐野市,36.308578,139.593118
468,栃木県鹿沼市,36.567111,139.745013
469,栃木県日光市,36.719903,139.698216
470,栃木県小山市,36.314671,139.800131
471,栃木県真岡市,36.440419,140.013442
472,栃木県大田原市,36.871484,140.017419
473,栃木県矢板市,36.806686,139.924054
474,栃木県那須塩原市,36.961698,140.046066
475,栃木県さくら市,36.685301,139.966452
476,栃木県那須烏山市,36.656893,140.151426
477,栃木県下野市,36.387195,139.841967
478,栃木県河内郡上三川町,36.439296,139.909884
479,栃木県芳賀郡益子町,36.467353,140.093378
480,栃木県芳賀郡茂木町,36.53212,140.187565
481,栃木県芳賀郡市貝町,36.543308,140.102046
482,栃木県芳賀郡芳賀町,36.548323,140.058196
483,栃木県下都賀郡壬生町,36.427058,139.803932
484,栃木県下都賀郡野木町,36.233251,139.74075
485,栃木県塩谷郡塩谷町,36.777613,139.85057
486,栃木県塩谷郡高根沢町,36.630973,139.986684
487,栃木県那須郡那須町,37.019731,140.121017
488,栃木県那須郡那珂川町,36.761661,140.130072
489,群馬県前橋市,36.389482,139.063428
490,群馬県高崎市,36.321909,139.003294
491,群馬県桐生市,36.405491,139.330688
492,群馬県伊勢崎市,36.311364,139.19677
493,群馬県太田市,36.291122,139.375471
494,群馬県沼田市,36.646077,139.044161
495,群馬県館林市,36.244849,139.541968
496,群馬県渋川市,36.489471,139.000448
497,群馬県藤岡市,36.258477,139.074439
498,群馬県富岡市,36.259896,138.889932
499,群馬県安中市,36.326368,138.887324
500,群馬県みどり市,36.394838,139.281135
501,群馬県北群馬郡榛東村,36.438642,138.967118
502,群馬県北群馬郡吉岡町,36.447501,139.009766
503,群馬県多野郡上野村,36.083143,138.777376
504,群馬県多野郡神流町,36.116056,138.916955
505,群馬県甘楽郡下仁田町,36.21239,138.789094
506,群馬県甘楽郡南牧村,36.158548,138.711406
507,群馬県甘楽郡甘楽町,36.242954,138.921682
508,群馬県吾妻郡中之条町,36.589893,138.840986
509,群馬県吾妻郡長野原町,36.552446,138.637477
510,群馬県吾妻郡嬬恋村,36.516874,138.530182
511,群馬県吾妻郡草津町,36.620778,138.596053
512,群馬県吾妻郡高山村,36.620887,138.943449
513,群馬県吾妻郡東吾妻町,36.571347,138.825472
514,群馬県利根郡片品村,36.772469,139.225243
515,群馬県利根郡川場村,36.694669,139.106534
516,群馬県利根郡昭和村,36.639753,139.065865
517,群馬県利根郡みなかみ町,36.6787,138.999064
518,群馬県佐波郡玉村町,36.304433,139.114913
519,群馬県邑楽郡板倉町,36.222952,139.610271
520,群馬県邑楽郡明和町,36.2113,139.534244
521,群馬県邑楽郡千代田町,36.217754,139.442435
522,群馬県邑楽郡大泉町,36.247902,139.40487
523,群馬県邑楽郡邑楽町,36.252394,139.462286
524,埼玉県さいたま市西区,35.925302,139.579472
525,埼玉県さいたま市北区,35.931522,139.620346
526,埼玉県さいたま市大宮区,35.906487,139.628754
527,埼玉県さいたま市見沼区,35.935206,139.654526
528,埼玉県さいたま市中央区,35.884096,139.626102
529,埼玉県さいたま市桜区,35.85614,139.610352
530,埼玉県さいたま市浦和区,35.861651,139.645435
531,埼玉県さいたま市南区,35.845253,139.645352
532,埼玉県さいたま市緑区,35.871087,139.68397
533,埼玉県さいたま市岩槻区,35.949861,139.694191
534,埼玉県川越市,35.925101,139.485793
535,埼玉県熊谷市,36.14731,139.388645
536,埼玉県川口市,35.807738,139.724171
537,埼玉県行田市,36.138949,139.455643
538,埼玉県秩父市,35.992055,139.084817
539,埼玉県所沢市,35.799672,139.46861
540,埼玉県飯能市,35.855731,139.327734
541,埼玉県加須市,36.131438,139.601719
542,埼玉県本庄市,36.243568,139.190393
543,埼玉県東松山市,36.042126,139.399959
544,埼玉県春日部市,35.975198,139.752301
545,埼玉県狭山市,35.852942,139.412213
546,埼玉県羽生市,36.172626,139.548465
547,埼玉県鴻巣市,36.065758,139.522169
548,埼玉県深谷市,36.197444,139.281464
549,埼玉県上尾市,35.977381,139.593206
550,埼玉県草加市,35.825355,139.805402
551,埼玉県越谷市,35.891084,139.790938
552,埼玉県蕨市,35.825634,139.679708
553,埼玉県戸田市,35.817616,139.677892
554,埼玉県入間市,35.835766,139.391058
555,埼玉県朝霞市,35.797252,139.593916
556,埼玉県志木市,35.83675,139.580319
557,埼玉県和光市,35.781208,139.605793
558,埼玉県新座市,35.793511,139.565369
559,埼玉県桶川市,36.005779,139.542531
560,埼玉県久喜市,36.061995,139.666838
561,埼玉県北本市,36.026768,139.530211
562,埼玉県八潮市,35.822536,139.839175
563,埼玉県富士見市,35.856759,139.549074
564,埼玉県三郷市,35.830149,139.872275
565,埼玉県蓮田市,35.994307,139.662106
566,埼玉県坂戸市,35.95717,139.402905
567,埼玉県幸手市,36.078072,139.725861
568,埼玉県鶴ヶ島市,35.934515,139.393098
569,埼玉県日高市,35.907796,139.339026
570,埼玉県吉川市,35.891152,139.841375
571,埼玉県ふじみ野市,35.879538,139.519764
572,埼玉県白岡市,36.019026,139.676925
573,埼玉県北足立郡伊奈町,36.000112,139.624185
574,埼玉県入間郡三芳町,35.828367,139.526432
575,埼玉県入間郡毛呂山町,35.941501,139.316067
576,埼玉県入間郡越生町,35.964478,139.294199
577,埼玉県比企郡滑川町,36.065987,139.360917
578,埼玉県比企郡嵐山町,36.056655,139.320542
579,埼玉県比企郡小川町,36.056697,139.261845
580,埼玉県比企郡川島町,35.982014,139.481518
581,埼玉県比企郡吉見町,36.039853,139.453728
582,埼玉県比企郡鳩山町,35.981466,139.334101
583,埼玉県比企郡ときがわ町,36.00862,139.296844
584,埼玉県秩父郡横瀬町,35.987284,139.100046
585,埼玉県秩父郡皆野町,36.07084,139.098754
586,埼玉県秩父郡長瀞町,36.114803,139.109717
587,埼玉県秩父郡小鹿野町,36.017129,139.008574
588,埼玉県秩父郡東秩父村,36.058153,139.194607
589,埼玉県児玉郡美里町,36.177104,139.18141
590,埼玉県児玉郡神川町,36.213876,139.101776
591,埼玉県児玉郡上里町,36.251607,139.144826
592,埼玉県大里郡寄居町,36.118348,139.193012
593,埼玉県南埼玉郡宮代町,36.022682,139.722885
594,埼玉県北葛飾郡杉戸町,36.025765,139.736709
595,埼玉県北葛飾郡松伏町,35.925774,139.815178
596,千葉県千葉市中央区,35.608932,140.124636
597,千葉県千葉市花見川区,35.662977,140.069167
598,千葉県千葉市稲毛区,35.636212,140.107083
599,千葉県千葉市若葉区,35.633988,140.155661
600,千葉県千葉市緑区,35.560459,140.176164
601,千葉県千葉市美浜区,35.640485,140.06304
602,千葉県銚子市,35.734681,140.826641
603,千葉県市川市,35.721912,139.93101
604,千葉県船橋市,35.694706,139.982618
605,千葉県館山市,34.996506,139.869965
606,千葉県木更津市,35.381227,139.92486
607,千葉県松戸市,35.787649,139.903093
608,千葉県野田市,35.955192,139.874764
609,千葉県茂原市,35.428544,140.288027
610,千葉県成田市,35.776608,140.318781
611,千葉県佐倉市,35.723486,140.223964
612,千葉県東金市,35.559944,140.366092
613,千葉県旭市,35.720434,140.646469
614,千葉県習志野市,35.683035,140.024365
615,千葉県柏市,35.867612,139.97585
616,千葉県勝浦市,35.152283,140.320932
617,千葉県市原市,35.497838,140.115665
618,千葉県流山市,35.85631,139.90266
619,千葉県八千代市,35.722468,140.099772
620,千葉県我孫子市,35.864123,140.028225
621,千葉県鴨川市,35.113987,140.098711
622,千葉県鎌ケ谷市,35.77675,140.00079
623,千葉県君津市,35.33045,139.902677
624,千葉県富津市,35.30412,139.857105
625,千葉県浦安市,35.653984,139.902203
626,千葉県四街道市,35.669816,140.167925
627,千葉県袖ケ浦市,35.429808,139.95443
628,千葉県八街市,35.665917,140.317952
629,千葉県印西市,35.832348,140.145815
630,千葉県白井市,35.7915,140.056372
631,千葉県富里市,35.726808,140.343058
632,千葉県南房総市,35.042991,139.840128
633,千葉県匝瑳市,35.707917,140.564281
634,千葉県香取市,35.897735,140.499268
635,千葉県山武市,35.602964,140.413506
636,千葉県いすみ市,35.253889,140.385051
637,千葉県大網白里市,35.521708,140.32096
638,千葉県印旛郡酒々井町,35.724824,140.269547
639,千葉県印旛郡栄町,35.840784,140.243831
640,千葉県香取郡神崎町,35.901602,140.405285
641,千葉県香取郡多古町,35.735434,140.467728
642,千葉県香取郡東庄町,35.83715,140.668581
643,千葉県山武郡九十九里町,35.535062,140.44025
644,千葉県山武郡芝山町,35.693056,140.414194
645,千葉県山武郡横芝光町,35.665568,140.504309
646,千葉県長生郡一宮町,35.372623,140.368659
647,千葉県長生郡睦沢町,35.361088,140.319273
648,千葉県長生郡長生村,35.412184,140.35406
649,千葉県長生郡白子町,35.45434,140.374234
650,千葉県長生郡長柄町,35.431125,140.227059
651,千葉県長生郡長南町,35.386421,140.237065
652,千葉県夷隅郡大多喜町,35.285191,140.245439
653,千葉県夷隅郡御宿町,35.191506,140.348796
654,千葉県安房郡鋸南町,35.111159,139.835509
655,東京都千代田区,35.694003,139.753595
656,東京都中央区,35.670651,139.771861
657,東京都港区,35.658068,139.751599
658,東京都新宿区,35.69384,139.703549
659,東京都文京区,35.708068,139.752167
660,東京都台東区,35.712607,139.779996
661,東京都墨田区,35.710722,139.801497
662,東京都江東区,35.672854,139.81741
663,東京都品川区,35.609226,139.730186
664,東京都目黒区,35.641463,139.698171
665,東京都大田区,35.561257,139.716051
666,東京都世田谷区,35.646572,139.653247
667,東京都渋谷区,35.661777,139.704051
668,東京都中野区,35.707399,139.663835
669,東京都杉並区,35.699566,139.636438
670,東京都豊島区,35.726118,139.716605
671,東京都北区,35.752804,139.733481
672,東京都荒川区,35.73608,139.783369
673,東京都板橋区,35.751165,139.709244
674,東京都練馬区,35.735623,139.651658
675,東京都足立区,35.775664,139.804479
676,東京都葛飾区,35.743575,139.84718
677,東京都江戸川区,35.706657,139.868427
678,東京都八王子市,35.666339,139.315806
679,東京都立川市,35.714014,139.407843
680,東京都武蔵野市,35.717784,139.56626
681,東京都三鷹市,35.683513,139.559584
682,東京都青梅市,35.787996,139.27583
683,東京都府中市,35.668974,139.477661
684,東京都昭島市,35.705755,139.353548
685,東京都調布市,35.650615,139.540694
686,東京都町田市,35.546631,139.438619
687,東京都小金井市,35.699473,139.502992
688,東京都小平市,35.728577,139.477456
689,東京都日野市,35.671337,139.394926
690,東京都東村山市,35.754597,139.468489
691,東京都国分寺市,35.710335,139.463191
692,東京都国立市,35.683885,139.44138
693,東京都福生市,35.738451,139.326932
694,東京都狛江市,35.634912,139.578733
695,東京都東大和市,35.745369,139.426593
696,東京都清瀬市,35.785753,139.52643
697,東京都東久留米市,35.758048,139.529739
698,東京都武蔵村山市,35.754861,139.387399
699,東京都多摩市,35.637004,139.446307
700,東京都稲城市,35.637924,139.504567
701,東京都羽村市,35.767222,139.310944
702,東京都あきる野市,35.72892,139.294119
703,東京都西東京市,35.725496,139.538156
704,東京都西多摩郡瑞穂町,35.772036,139.353846
705,東京都西多摩郡日の出町,35.742142,139.257444
706,東京都西多摩郡檜原村,35.726839,139.148866
707,東京都西多摩郡奥多摩町,35.809543,139.096197
708,東京都大島町,34.75004,139.355579
709,東京都利島村,34.529364,139.282585
710,東京都新島村,34.377134,139.256571
711,東京都神津島村,34.205267,139.134255
712,東京都三宅村,34.075774,139.479744
713,東京都御蔵島村,33.897366,139.596116
714,東京都八丈町,33.11274,139.789065
715,東京都青ヶ島村,32.466459,139.763312
716,東京都小笠原村,27.094366,142.191918
717,神奈川県横浜市鶴見区,35.508404,139.68254
718,神奈川県横浜市神奈川区,35.476901,139.629431
719,神奈川県横浜市西区,35.453623,139.61696
720,神奈川県横浜市中区,35.444699,139.642178
721,神奈川県横浜市南区,35.431462,139.608837
722,神奈川県横浜市保土ケ谷区,35.459953,139.595979
723,神奈川県横浜市磯子区,35.402439,139.618433
724,神奈川県横浜市金沢区,35.33725,139.624408
725,神奈川県横浜市港北区,35.519083,139.633024
726,神奈川県横浜市戸塚区,35.400001,139.533507
727,神奈川県横浜市港南区,35.40078,139.591167
728,神奈川県横浜市旭区,35.474836,139.54472
729,神奈川県横浜市緑区,35.512396,139.538006
730,神奈川県横浜市瀬谷区,35.466026,139.49886
731,神奈川県横浜市栄区,35.364348,139.554076
732,神奈川県横浜市泉区,35.417938,139.488722
733,神奈川県横浜市青葉区,35.552824,139.537019
734,神奈川県横浜市都筑区,35.544851,139.57053
735,神奈川県川崎市川崎区,35.529667,139.703848
736,神奈川県川崎市幸区,35.544293,139.686772
737,神奈川県川崎市中原区,35.576371,139.655709
738,神奈川県川崎市高津区,35.599462,139.607938
739,神奈川県川崎市多摩区,35.619489,139.562127
740,神奈川県川崎市宮前区,35.589192,139.578469
741,神奈川県川崎市麻生区,35.60373,139.505747
742,神奈川県相模原市緑区,35.59565,139.33771
743,神奈川県相模原市中央区,35.571384,139.373246
744,神奈川県相模原市南区,35.530297,139.430195
745,神奈川県横須賀市,35.281341,139.672201
746,神奈川県平塚市,35.33511,139.349476
747,神奈川県鎌倉市,35.319225,139.546687
748,神奈川県藤沢市,35.33917,139.490036
749,神奈川県小田原市,35.264564,139.152154
750,神奈川県茅ヶ崎市,35.33386,139.404716
751,神奈川県逗子市,35.295606,139.580423
752,神奈川県三浦市,35.144171,139.62077
753,神奈川県秦野市,35.374736,139.219943
754,神奈川県厚木市,35.443082,139.362489
755,神奈川県大和市,35.487512,139.45795
756,神奈川県伊勢原市,35.402969,139.314973
757,神奈川県海老名市,35.446446,139.390803
758,神奈川県座間市,35.488587,139.407673
759,神奈川県南足柄市,35.320715,139.0996
760,神奈川県綾瀬市,35.437175,139.426148
761,神奈川県三浦郡葉山町,35.272089,139.5862
762,神奈川県高座郡寒川町,35.372956,139.383861
763,神奈川県中郡大磯町,35.30685,139.311314
764,神奈川県中郡二宮町,35.299491,139.255402
765,神奈川県足柄上郡中井町,35.330717,139.218774
766,神奈川県足柄上郡大井町,35.326674,139.156577
767,神奈川県足柄上郡松田町,35.348159,139.139375
768,神奈川県足柄上郡山北町,35.360605,139.083831
769,神奈川県足柄上郡開成町,35.336427,139.123183
770,神奈川県足柄下郡箱根町,35.232355,139.106937
771,神奈川県足柄下郡真鶴町,35.158468,139.137119
772,神奈川県足柄下郡湯河原町,35.147964,139.108317
773,神奈川県愛甲郡愛川町,35.528796,139.321717
774,神奈川県愛甲郡清川村,35.482383,139.276382
775,新潟県新潟市北区,37.916243,139.218588
776,新潟県新潟市東区,37.924871,139.092591
777,新潟県新潟市中央区,37.916367,139.036326
778,新潟県新潟市江南区,37.867646,139.093983
779,新潟県新潟市秋葉区,37.788506,139.114631
780,新潟県新潟市南区,37.765785,139.019127
781,新潟県新潟市西区,37.874223,138.97194
782,新潟県新潟市西蒲区,37.760464,138.889284
783,新潟県長岡市,37.446265,138.851277
784,新潟県三条市,37.636768,138.961689
785,新潟県柏崎市,37.3719,138.558984
786,新潟県新発田市,37.950886,139.327892
787,新潟県小千谷市,37.314339,138.7951
788,新潟県加茂市,37.666275,139.040198
789,新潟県十日町市,37.127582,138.755708
790,新潟県見附市,37.531604,138.912825
791,新潟県村上市,38.223979,139.480021
792,新潟県燕市,37.673152,138.88223
793,新潟県糸魚川市,37.039028,137.862652
794,新潟県妙高市,37.025196,138.253473
795,新潟県五泉市,37.744536,139.182568
796,新潟県上越市,37.147848,138.23608
797,新潟県阿賀野市,37.834501,139.225983
798,新潟県佐渡市,38.018353,138.368082
799,新潟県魚沼市,37.244124,138.924361
800,新潟県南魚沼市,37.161428,138.925448
801,新潟県胎内市,38.059711,139.410342
802,新潟県北蒲原郡聖籠町,37.974597,139.274336
803,新潟県西蒲原郡弥彦村,37.691066,138.855249
804,新潟県南蒲原郡田上町,37.698826,139.057982
805,新潟県東蒲原郡阿賀町,37.675485,139.45878
806,新潟県三島郡出雲崎町,37.530707,138.709303
807,新潟県南魚沼郡湯沢町,36.934025,138.81744
808,新潟県中魚沼郡津南町,37.014274,138.652622
809,新潟県刈羽郡刈羽村,37.422359,138.622442
810,新潟県岩船郡関川村,38.089376,139.564918
811,新潟県岩船郡粟島浦村,38.468267,139.254439
812,富山県富山市,36.695952,137.213677
813,富山県高岡市,36.754096,137.025728
814,富山県魚津市,36.827367,137.409215
815,富山県氷見市,36.855981,136.972849
816,富山県滑川市,36.764378,137.341191
817,富山県黒部市,36.871508,137.44803
818,富山県砺波市,36.647534,136.962009
819,富山県小矢部市,36.675575,136.868622
820,富山県南砺市,36.557513,136.875336
821,富山県射水市,36.782455,137.079614
822,富山県中新川郡舟橋村,36.703531,137.307377
823,富山県中新川郡上市町,36.698414,137.36238
824,富山県中新川郡立山町,36.663522,137.313697
825,富山県下新川郡入善町,36.933511,137.502045
826,富山県下新川郡朝日町,36.94619,137.559943
827,石川県金沢市,36.561325,136.656205
828,石川県七尾市,37.043102,136.967518
829,石川県小松市,36.408351,136.445571
830,石川県輪島市,37.39059,136.899196
831,石川県珠洲市,37.436347,137.260436
832,石川県加賀市,36.302624,136.314627
833,石川県羽咋市,36.893599,136.778996
834,石川県かほく市,36.719826,136.706727
835,石川県白山市,36.514427,136.565892
836,石川県能美市,36.446941,136.554242
837,石川県野々市市,36.519704,136.609971
838,石川県能美郡川北町,36.46863,136.542304
839,石川県河北郡津幡町,36.668693,136.728442
840,石川県河北郡内灘町,36.653494,136.645086
841,石川県羽咋郡志賀町,37.006312,136.77801
842,石川県羽咋郡宝達志水町,36.862773,136.797529
843,石川県鹿島郡中能登町,36.988884,136.901832
844,石川県鳳珠郡穴水町,37.230995,136.912475
845,石川県鳳珠郡能登町,37.353216,137.244521
846,福井県福井市,36.064067,136.219494
847,福井県敦賀市,35.645244,136.055441
848,福井県小浜市,35.495593,135.746644
849,福井県大野市,35.979814,136.487564
850,福井県勝山市,36.060945,136.500584
851,福井県鯖江市,35.956553,136.184474
852,福井県あわら市,36.211353,136.229025
853,福井県越前市,35.903499,136.16878
854,福井県坂井市,36.166925,136.231457
855,福井県吉田郡永平寺町,36.092256,136.298706
856,福井県今立郡池田町,35.890472,136.343907
857,福井県南条郡南越前町,35.835164,136.194465
858,福井県丹生郡越前町,35.974208,136.129743
859,福井県三方郡美浜町,35.60053,135.940543
860,福井県大飯郡高浜町,35.490428,135.55099
861,福井県大飯郡おおい町,35.481166,135.617828
862,福井県三方上中郡若狭町,35.461888,135.857211
863,山梨県甲府市,35.66228,138.568202
864,山梨県富士吉田市,35.487497,138.807854
865,山梨県都留市,35.55168,138.905473
866,山梨県山梨市,35.693394,138.686914
867,山梨県大月市,35.610485,138.940028
868,山梨県韮崎市,35.708897,138.446127
869,山梨県南アルプス市,35.608328,138.464966
870,山梨県北杜市,35.77653,138.423781
871,山梨県甲斐市,35.686259,138.487257
872,山梨県笛吹市,35.64736,138.639786
873,山梨県上野原市,35.630259,139.108599
874,山梨県甲州市,35.704316,138.729404
875,山梨県中央市,35.599629,138.517272
876,山梨県西八代郡市川三郷町,35.565303,138.502369
877,山梨県南巨摩郡早川町,35.412917,138.362759
878,山梨県南巨摩郡身延町,35.467494,138.44246
879,山梨県南巨摩郡南部町,35.242352,138.486109
880,山梨県南巨摩郡富士川町,35.561156,138.461384
881,山梨県中巨摩郡昭和町,35.627926,138.535142
882,山梨県南都留郡道志村,35.527956,139.033379
883,山梨県南都留郡西桂町,35.524069,138.846891
884,山梨県南都留郡忍野村,35.460098,138.847861
885,山梨県南都留郡山中湖村,35.410645,138.860917
886,山梨県南都留郡鳴沢村,35.481392,138.706362
887,山梨県南都留郡富士河口湖町,35.497314,138.755084
888,山梨県北都留郡小菅村,35.760124,138.940161
889,山梨県北都留郡丹波山村,35.789712,138.922231
890,長野県長野市,36.64855,138.194243
891,長野県松本市,36.238038,137.972034
892,長野県上田市,36.401912,138.248889
893,長野県岡谷市,36.067012,138.049326
894,長野県飯田市,35.514978,137.821447
895,長野県諏訪市,36.039142,138.114182
896,長野県須坂市,36.651097,138.307192
897,長野県小諸市,36.327419,138.42588
898,長野県伊那市,35.827481,137.95408
899,長野県駒ヶ根市,35.728814,137.933782
900,長野県中野市,36.742044,138.36945
901,長野県大町市,36.503018,137.851094
902,長野県飯山市,36.851745,138.365495
903,長野県茅野市,35.995571,138.158893
904,長野県塩尻市,36.114972,137.953449
905,長野県佐久市,36.248868,138.476831
906,長野県千曲市,36.533897,138.120108
907,長野県東御市,36.359477,138.330247
908,長野県安曇野市,36.303951,137.905801
909,長野県南佐久郡小海町,36.095097,138.483472
910,長野県南佐久郡川上村,35.975487,138.578605
911,長野県南佐久郡南牧村,36.020856,138.492091
912,長野県南佐久郡南相木村,36.035985,138.54699
913,長野県南佐久郡北相木村,36.059169,138.550883
914,長野県南佐久郡佐久穂町,36.161106,138.483544
915,長野県北佐久郡軽井沢町,36.34829,138.596955
916,長野県北佐久郡御代田町,36.321183,138.508784
917,長野県北佐久郡立科町,36.27207,138.315972
918,長野県小県郡青木村,36.370346,138.12884
919,長野県小県郡長和町,36.255854,138.267866
920,長野県諏訪郡下諏訪町,36.069559,138.08017
921,長野県諏訪郡富士見町,35.914621,138.240699
922,長野県諏訪郡原村,35.964456,138.21772
923,長野県上伊那郡辰野町,35.982513,137.987484
924,長野県上伊那郡箕輪町,35.915134,137.981944
925,長野県上伊那郡飯島町,35.676737,137.91968
926,長野県上伊那郡南箕輪村,35.8729,137.975024
927,長野県上伊那郡中川村,35.634537,137.946058
928,長野県上伊那郡宮田村,35.768904,137.944307
929,長野県下伊那郡松川町,35.597292,137.909567
930,長野県下伊那郡高森町,35.551497,137.878437
931,長野県下伊那郡阿南町,35.32364,137.816055
932,長野県下伊那郡阿智村,35.443769,137.747505
933,長野県下伊那郡平谷村,35.323236,137.63003
934,長野県下伊那郡根羽村,35.253077,137.58126
935,長野県下伊那郡下條村,35.397414,137.786051
936,長野県下伊那郡売木村,35.271046,137.711313
937,長野県下伊那郡天龍村,35.276227,137.85414
938,長野県下伊那郡泰阜村,35.377523,137.846015
939,長野県下伊那郡喬木村,35.513682,137.8737
940,長野県下伊那郡豊丘村,35.551439,137.895975
941,長野県下伊那郡大鹿村,35.578222,138.034017
942,長野県木曽郡上松町,35.784076,137.694069
943,長野県木曽郡南木曽町,35.603756,137.609016
944,長野県木曽郡木祖村,35.936437,137.783301
945,長野県木曽郡王滝村,35.809395,137.550969
946,長野県木曽郡大桑村,35.682911,137.664918
947,長野県木曽郡木曽町,35.842431,137.691508
948,長野県東筑摩郡麻績村,36.456089,138.045289
949,長野県東筑摩郡生坂村,36.425248,137.927383
950,長野県東筑摩郡山形村,36.168028,137.879155
951,長野県東筑摩郡朝日村,36.12355,137.866133
952,長野県東筑摩郡筑北村,36.402553,138.011938
953,長野県北安曇郡池田町,36.421366,137.874502
954,長野県北安曇郡松川村,36.424076,137.854498
955,長野県北安曇郡白馬村,36.69818,137.86185
956,長野県北安曇郡小谷村,36.779067,137.908405
957,長野県埴科郡坂城町,36.46182,138.180106
958,長野県上高井郡小布施町,36.697492,138.312037
959,長野県上高井郡高山村,36.679768,138.363255
960,長野県下高井郡山ノ内町,36.744634,138.412596
961,長野県下高井郡木島平村,36.858406,138.406829
962,長野県下高井郡野沢温泉村,36.922902,138.440641
963,長野県上水内郡信濃町,36.806404,138.207113
964,長野県上水内郡小川村,36.617271,137.974724
965,長野県上水内郡飯綱町,36.763185,138.254809
966,長野県下水内郡栄村,36.987514,138.577069
967,岐阜県岐阜市,35.423298,136.760654
968,岐阜県大垣市,35.359384,136.61275
969,岐阜県高山市,36.146124,137.252173
970,岐阜県多治見市,35.3328,137.132077
971,岐阜県関市,35.495738,136.917842
972,岐阜県中津川市,35.487548,137.500509
973,岐阜県美濃市,35.54477,136.90754
974,岐阜県瑞浪市,35.361712,137.254587
975,岐阜県羽島市,35.31991,136.703349
976,岐阜県恵那市,35.449314,137.412808
977,岐阜県美濃加茂市,35.440242,137.015664
978,岐阜県土岐市,35.3525,137.183202
979,岐阜県各務原市,35.398869,136.848264
980,岐阜県可児市,35.426121,137.061011
981,岐阜県山県市,35.506109,136.781372
982,岐阜県瑞穂市,35.404094,136.649774
983,岐阜県飛騨市,36.238124,137.186317
984,岐阜県本巣市,35.483047,136.678766
985,岐阜県郡上市,35.748577,136.964354
986,岐阜県下呂市,35.805882,137.2441
987,岐阜県海津市,35.220492,136.636662
988,岐阜県羽島郡岐南町,35.389722,136.783317
989,岐阜県羽島郡笠松町,35.3672,136.763167
990,岐阜県養老郡養老町,35.308333,136.561555
991,岐阜県不破郡垂井町,35.370254,136.527102
992,岐阜県不破郡関ケ原町,35.365517,136.466982
993,岐阜県安八郡神戸町,35.417368,136.608459
994,岐阜県安八郡輪之内町,35.285108,136.637435
995,岐阜県安八郡安八町,35.335391,136.665409
996,岐阜県揖斐郡揖斐川町,35.487309,136.568653
997,岐阜県揖斐郡大野町,35.470614,136.627552
998,岐阜県揖斐郡池田町,35.442259,136.572926
999,岐阜県本巣郡北方町,35.436948,136.685967
1000,岐阜県加茂郡坂祝町,35.426662,136.985459
1001,岐阜県加茂郡富加町,35.484883,136.979824
1002,岐阜県加茂郡川辺町,35.486579,137.070608
1003,岐阜県加茂郡七宗町,35.543724,137.119833
1004,岐阜県加茂郡八百津町,35.475952,137.141502
1005,岐阜県加茂郡白川町,35.581859,137.187824
1006,岐阜県加茂郡東白川村,35.642561,137.323751
1007,岐阜県可児郡御嵩町,35.434245,137.13079
1008,岐阜県大野郡白川村,36.270806,136.898478
1009,静岡県静岡市葵区,34.97514,138.383243
1010,静岡県静岡市駿河区,34.960745,138.404039
1011,静岡県静岡市清水区,35.015888,138.489528
1012,静岡県浜松市中区,34.710896,137.72594
1013,静岡県浜松市東区,34.741325,137.791772
1014,静岡県浜松市西区,34.69271,137.645317
1015,静岡県浜松市南区,34.667333,137.7523
1016,静岡県浜松市北区,34.806193,137.651023
1017,静岡県浜松市浜北区,34.793372,137.789925
1018,静岡県浜松市天竜区,34.872649,137.816265
1019,静岡県沼津市,35.095584,138.863493
1020,静岡県熱海市,35.096276,139.071705
1021,静岡県三島市,35.118402,138.918513
1022,静岡県富士宮市,35.222054,138.621643
1023,静岡県伊東市,34.965671,139.101936
1024,静岡県島田市,34.836364,138.175997
1025,静岡県富士市,35.161399,138.676273
1026,静岡県磐田市,34.717904,137.851513
1027,静岡県焼津市,34.86692,138.323189
1028,静岡県掛川市,34.768767,137.998168
1029,静岡県藤枝市,34.867367,138.257458
1030,静岡県御殿場市,35.308584,138.934506
1031,静岡県袋井市,34.750174,137.924679
1032,静岡県下田市,34.679533,138.945316
1033,静岡県裾野市,35.173883,138.906729
1034,静岡県湖西市,34.718466,137.531626
1035,静岡県伊豆市,34.976586,138.946704
1036,静岡県御前崎市,34.637987,138.128127
1037,静岡県菊川市,34.757746,138.084582
1038,静岡県伊豆の国市,35.027735,138.928921
1039,静岡県牧之原市,34.740043,138.224652
1040,静岡県賀茂郡東伊豆町,34.772835,139.041311
1041,静岡県賀茂郡河津町,34.757033,138.987538
1042,静岡県賀茂郡南伊豆町,34.651092,138.858527
1043,静岡県賀茂郡松崎町,34.752769,138.778726
1044,静岡県賀茂郡西伊豆町,34.771676,138.775356
1045,静岡県田方郡函南町,35.088973,138.953366
1046,静岡県駿東郡清水町,35.099015,138.902717
1047,静岡県駿東郡長泉町,35.13767,138.897178
1048,静岡県駿東郡小山町,35.360107,138.987298
1049,静岡県榛原郡吉田町,34.77087,138.251993
1050,静岡県榛原郡川根本町,35.046833,138.081695
1051,静岡県周智郡森町,34.835627,137.927019
1052,愛知県名古屋市千種区,35.166486,136.946434
1053,愛知県名古屋市東区,35.179325,136.925993
1054,愛知県名古屋市北区,35.194206,136.911519
1055,愛知県名古屋市西区,35.189117,136.890033
1056,愛知県名古屋市中村区,35.168747,136.873015
1057,愛知県名古屋市中区,35.168707,136.910251
1058,愛知県名古屋市昭和区,35.150199,136.934124
1059,愛知県名古屋市瑞穂区,35.131441,136.934961
1060,愛知県名古屋市熱田区,35.128545,136.91028
1061,愛知県名古屋市中川区,35.141539,136.854793
1062,愛知県名古屋市港区,35.107772,136.885567
1063,愛知県名古屋市南区,35.095169,136.931242
1064,愛知県名古屋市守山区,35.203335,136.976314
1065,愛知県名古屋市緑区,35.070805,136.952238
1066,愛知県名古屋市名東区,35.175848,137.010183
1067,愛知県名古屋市天白区,35.122671,136.974982
1068,愛知県豊橋市,34.7692,137.391466
1069,愛知県岡崎市,34.954379,137.174329
1070,愛知県一宮市,35.30389,136.802933
1071,愛知県瀬戸市,35.223614,137.084171
1072,愛知県半田市,34.891718,136.937961
1073,愛知県春日井市,35.247611,136.972224
1074,愛知県豊川市,34.826851,137.375542
1075,愛知県津島市,35.177029,136.741214
1076,愛知県碧南市,34.884804,136.993375
1077,愛知県刈谷市,34.989225,137.002107
1078,愛知県豊田市,35.082395,137.156249
1079,愛知県安城市,34.958641,137.080297
1080,愛知県西尾市,34.861937,137.06185
1081,愛知県蒲郡市,34.8265,137.219516
1082,愛知県犬山市,35.378607,136.944564
1083,愛知県常滑市,34.8867,136.832397
1084,愛知県江南市,35.332011,136.870617
1085,愛知県小牧市,35.29031,136.910952
1086,愛知県稲沢市,35.248132,136.780202
1087,愛知県新城市,34.899229,137.498476
1088,愛知県東海市,35.022843,136.90253
1089,愛知県大府市,35.011657,136.963835
1090,愛知県知多市,34.996533,136.864755
1091,愛知県知立市,35.001272,137.050749
1092,愛知県尾張旭市,35.216513,137.035396
1093,愛知県高浜市,34.927643,136.987677
1094,愛知県岩倉市,35.279503,136.871431
1095,愛知県豊明市,35.053688,137.012997
1096,愛知県日進市,35.132015,137.039412
1097,愛知県田原市,34.668806,137.264203
1098,愛知県愛西市,35.153141,136.7281
1099,愛知県清須市,35.203381,136.865521
1100,愛知県北名古屋市,35.245668,136.866008
1101,愛知県弥富市,35.110018,136.724739
1102,愛知県みよし市,35.08941,137.074854
1103,愛知県あま市,35.170304,136.80083
1104,愛知県長久手市,35.184126,137.048762
1105,愛知県愛知郡東郷町,35.096748,137.052553
1106,愛知県西春日井郡豊山町,35.250474,136.912006
1107,愛知県丹羽郡大口町,35.332436,136.90767
1108,愛知県丹羽郡扶桑町,35.35914,136.913079
1109,愛知県海部郡大治町,35.175078,136.820095
1110,愛知県海部郡蟹江町,35.132331,136.786746
1111,愛知県海部郡飛島村,35.078848,136.791078
1112,愛知県知多郡阿久比町,34.932611,136.915554
1113,愛知県知多郡東浦町,34.977094,136.965622
1114,愛知県知多郡南知多町,34.715167,136.92997
1115,愛知県知多郡美浜町,34.778815,136.908237
1116,愛知県知多郡武豊町,34.851134,136.914803
1117,愛知県額田郡幸田町,34.864442,137.165617
1118,愛知県北設楽郡設楽町,35.097219,137.571445
1119,愛知県北設楽郡東栄町,35.076939,137.697837
1120,愛知県北設楽郡豊根村,35.146738,137.7197
1121,三重県津市,34.718596,136.505698
1122,三重県四日市市,34.965157,136.624485
1123,三重県伊勢市,34.487514,136.709336
1124,三重県松阪市,34.577993,136.527593
1125,三重県桑名市,35.062216,136.683803
1126,三重県鈴鹿市,34.88188,136.584209
1127,三重県名張市,34.627659,136.108296
1128,三重県尾鷲市,34.070799,136.190995
1129,三重県亀山市,34.855755,136.451645
1130,三重県鳥羽市,34.481435,136.843362
1131,三重県熊野市,33.888604,136.100237
1132,三重県いなべ市,35.115701,136.561471
1133,三重県志摩市,34.32816,136.829691
1134,三重県伊賀市,34.768595,136.12991
1135,三重県桑名郡木曽岬町,35.07598,136.731328
1136,三重県員弁郡東員町,35.074257,136.583578
1137,三重県三重郡菰野町,35.020068,136.507344
1138,三重県三重郡朝日町,35.03421,136.664352
1139,三重県三重郡川越町,35.023009,136.673865
1140,三重県多気郡多気町,34.496153,136.546146
1141,三重県多気郡明和町,34.54756,136.623176
1142,三重県多気郡大台町,34.393387,136.407875
1143,三重県度会郡玉城町,34.490278,136.630929
1144,三重県度会郡度会町,34.438923,136.622466
1145,三重県度会郡大紀町,34.358045,136.415792
1146,三重県度会郡南伊勢町,34.352095,136.703689
1147,三重県北牟婁郡紀北町,34.211533,136.337313
1148,三重県南牟婁郡御浜町,33.814478,136.048724
1149,三重県南牟婁郡紀宝町,33.733773,136.00967
1150,滋賀県大津市,35.017893,135.854607
1151,滋賀県彦根市,35.274461,136.259623
1152,滋賀県長浜市,35.380815,136.278722
1153,滋賀県近江八幡市,35.128339,136.097907
1154,滋賀県草津市,35.013134,135.959936
1155,滋賀県守山市,35.05894,135.994404
1156,滋賀県栗東市,35.021617,135.997996
1157,滋賀県甲賀市,34.966139,136.167092
1158,滋賀県野洲市,35.067454,136.02585
1159,滋賀県湖南市,35.00415,136.084679
1160,滋賀県高島市,35.353071,136.03583
1161,滋賀県東近江市,35.112456,136.207765
1162,滋賀県米原市,35.361585,136.370192
1163,滋賀県蒲生郡日野町,35.018003,136.246043
1164,滋賀県蒲生郡竜王町,35.060803,136.124535
1165,滋賀県愛知郡愛荘町,35.16894,136.212367
1166,滋賀県犬上郡豊郷町,35.200343,136.229893
1167,滋賀県犬上郡甲良町,35.204119,136.261205
1168,滋賀県犬上郡多賀町,35.221996,136.292049
1169,京都府京都市北区,35.041053,135.753983
1170,京都府京都市上京区,35.029618,135.756627
1171,京都府京都市左京区,35.048569,135.778548
1172,京都府京都市中京区,35.010425,135.751411
1173,京都府京都市東山区,34.997057,135.776162
1174,京都府京都市下京区,34.987655,135.755533
1175,京都府京都市南区,34.976661,135.746495
1176,京都府京都市右京区,35.010133,135.716078
1177,京都府京都市伏見区,34.93603,135.76141
1178,京都府京都市山科区,34.972336,135.813697
1179,京都府京都市西京区,34.985104,135.69342
1180,京都府福知山市,35.2967,135.126563
1181,京都府舞鶴市,35.474797,135.385992
1182,京都府綾部市,35.298916,135.258812
1183,京都府宇治市,34.884461,135.799854
1184,京都府宮津市,35.535577,135.195567
1185,京都府亀岡市,35.013408,135.573609
1186,京都府城陽市,34.853008,135.779974
1187,京都府向日市,34.948736,135.698288
1188,京都府長岡京市,34.926771,135.695785
1189,京都府八幡市,34.875555,135.707621
1190,京都府京田辺市,34.814459,135.767695
1191,京都府京丹後市,35.624166,135.061
1192,京都府南丹市,35.107374,135.47026
1193,京都府木津川市,34.737162,135.820117
1194,京都府乙訓郡大山崎町,34.902806,135.688476
1195,京都府久世郡久御山町,34.8815,135.732607
1196,京都府綴喜郡井手町,34.798408,135.803306
1197,京都府綴喜郡宇治田原町,34.85267,135.856855
1198,京都府相楽郡笠置町,34.76045,135.939366
1199,京都府相楽郡和束町,34.79571,135.90488
1200,京都府相楽郡精華町,34.760856,135.785833
1201,京都府相楽郡南山城村,34.772789,135.993537
1202,京都府船井郡京丹波町,35.164362,135.423055
1203,京都府与謝郡伊根町,35.675146,135.272639
1204,京都府与謝郡与謝野町,35.565309,135.152841
1205,大阪府大阪市都島区,34.701279,135.52809
1206,大阪府大阪市福島区,34.692337,135.472229
1207,大阪府大阪市此花区,34.683049,135.452328
1208,大阪府大阪市西区,34.676231,135.486059
1209,大阪府大阪市港区,34.663918,135.460681
1210,大阪府大阪市大正区,34.650403,135.4727
1211,大阪府大阪市天王寺区,34.657917,135.519362
1212,大阪府大阪市浪速区,34.659444,135.49963
1213,大阪府大阪市西淀川区,34.711348,135.456202
1214,大阪府大阪市東淀川区,34.741214,135.529423
1215,大阪府大阪市東成区,34.670002,135.541268
1216,大阪府大阪市生野区,34.653751,135.534413
1217,大阪府大阪市旭区,34.721177,135.54422
1218,大阪府大阪市城東区,34.70189,135.545973
1219,大阪府大阪市阿倍野区,34.638969,135.518496
1220,大阪府大阪市住吉区,34.603673,135.500632
1221,大阪府大阪市東住吉区,34.622163,135.526601
1222,大阪府大阪市西成区,34.634872,135.494373
1223,大阪府大阪市淀川区,34.721026,135.486711
1224,大阪府大阪市鶴見区,34.704329,135.574198
1225,大阪府大阪市住之江区,34.609675,135.482742
1226,大阪府大阪市平野区,34.621199,135.546072
1227,大阪府大阪市北区,34.705362,135.510025
1228,大阪府大阪市中央区,34.681261,135.509801
1229,大阪府堺市堺区,34.573254,135.483101
1230,大阪府堺市中区,34.528342,135.498636
1231,大阪府堺市東区,34.538192,135.536591
1232,大阪府堺市西区,34.534999,135.463972
1233,大阪府堺市南区,34.486527,135.490568
1234,大阪府堺市北区,34.56535,135.517178
1235,大阪府堺市美原区,34.538545,135.559833
1236,大阪府岸和田市,34.460634,135.370829
1237,大阪府豊中市,34.781266,135.469739
1238,大阪府池田市,34.821705,135.428444
1239,大阪府吹田市,34.759453,135.51686
1240,大阪府泉大津市,34.504279,135.410464
1241,大阪府高槻市,34.846159,135.617272
1242,大阪府貝塚市,34.437584,135.358517
1243,大阪府守口市,34.737695,135.563904
1244,大阪府枚方市,34.81434,135.650658
1245,大阪府茨木市,34.816338,135.568505
1246,大阪府八尾市,34.626864,135.600978
1247,大阪府泉佐野市,34.406848,135.327337
1248,大阪府富田林市,34.499527,135.597128
1249,大阪府寝屋川市,34.766093,135.6281
1250,大阪府河内長野市,34.458084,135.564226
1251,大阪府松原市,34.577879,135.55185
1252,大阪府大東市,34.712015,135.623659
1253,大阪府和泉市,34.483527,135.423557
1254,大阪府箕面市,34.82693,135.470463
1255,大阪府柏原市,34.579305,135.628642
1256,大阪府羽曳野市,34.558035,135.606212
1257,大阪府門真市,34.739542,135.58689
1258,大阪府摂津市,34.777356,135.561817
1259,大阪府高石市,34.520717,135.442452
1260,大阪府藤井寺市,34.574277,135.597474
1261,大阪府東大阪市,34.67933,135.601012
1262,大阪府泉南市,34.366005,135.273339
1263,大阪府四條畷市,34.739941,135.639533
1264,大阪府交野市,34.787944,135.679953
1265,大阪府大阪狭山市,34.503795,135.555693
1266,大阪府阪南市,34.359583,135.23967
1267,大阪府三島郡島本町,34.883925,135.66297
1268,大阪府豊能郡豊能町,34.918948,135.494174
1269,大阪府豊能郡能勢町,34.972551,135.414274
1270,大阪府泉北郡忠岡町,34.487093,135.401323
1271,大阪府泉南郡熊取町,34.401283,135.355785
1272,大阪府泉南郡田尻町,34.393774,135.291174
1273,大阪府泉南郡岬町,34.316978,135.142139
1274,大阪府南河内郡太子町,34.518682,135.647661
1275,大阪府南河内郡河南町,34.491637,135.629699
1276,大阪府南河内郡千早赤阪村,34.464587,135.622537
1277,兵庫県神戸市東灘区,34.720228,135.265455
1278,兵庫県神戸市灘区,34.712329,135.239657
1279,兵庫県神戸市兵庫区,34.680578,135.165291
1280,兵庫県神戸市長田区,34.665638,135.151026
1281,兵庫県神戸市須磨区,34.658633,135.1337
1282,兵庫県神戸市垂水区,34.630252,135.056766
1283,兵庫県神戸市北区,34.727317,135.14444
1284,兵庫県神戸市中央区,34.695124,135.197852
1285,兵庫県神戸市西区,34.683239,134.981602
1286,兵庫県姫路市,34.815149,134.685353
1287,兵庫県尼崎市,34.733734,135.406376
1288,兵庫県明石市,34.643107,134.997179
1289,兵庫県西宮市,34.737597,135.341564
1290,兵庫県洲本市,34.342426,134.89562
1291,兵庫県芦屋市,34.72695,135.304162
1292,兵庫県伊丹市,34.784306,135.400947
1293,兵庫県相生市,34.803601,134.468066
1294,兵庫県豊岡市,35.544575,134.820181
1295,兵庫県加古川市,34.75695,134.841177
1296,兵庫県赤穂市,34.754956,134.390284
1297,兵庫県西脇市,34.993355,134.969189
1298,兵庫県宝塚市,34.799767,135.360073
1299,兵庫県三木市,34.796944,134.990197
1300,兵庫県高砂市,34.766201,134.790442
1301,兵庫県川西市,34.830135,135.417278
1302,兵庫県小野市,34.853193,134.931376
1303,兵庫県三田市,34.889996,135.225453
1304,兵庫県加西市,34.927936,134.841622
1305,兵庫県篠山市,35.075661,135.219051
1306,兵庫県養父市,35.404657,134.767671
1307,兵庫県丹波市,35.1771,135.035854
1308,兵庫県南あわじ市,34.29448,134.779855
1309,兵庫県朝来市,35.339665,134.85315
1310,兵庫県淡路市,34.439699,134.915016
1311,兵庫県宍粟市,35.004417,134.549466
1312,兵庫県加東市,34.918573,134.973381
1313,兵庫県たつの市,34.857863,134.54536
1314,兵庫県川辺郡猪名川町,34.895037,135.376162
1315,兵庫県多可郡多可町,35.050335,134.923275
1316,兵庫県加古郡稲美町,34.748807,134.913551
1317,兵庫県加古郡播磨町,34.715299,134.867912
1318,兵庫県神崎郡市川町,34.989368,134.763317
1319,兵庫県神崎郡福崎町,34.950302,134.760248
1320,兵庫県神崎郡神河町,35.064226,134.739831
1321,兵庫県揖保郡太子町,34.833264,134.572255
1322,兵庫県赤穂郡上郡町,34.873563,134.356098
1323,兵庫県佐用郡佐用町,35.004346,134.355734
1324,兵庫県美方郡香美町,35.632186,134.629178
1325,兵庫県美方郡新温泉町,35.623481,134.448939
1326,奈良県奈良市,34.685087,135.805
1327,奈良県大和高田市,34.515046,135.736392
1328,奈良県大和郡山市,34.649374,135.782755
1329,奈良県天理市,34.596647,135.837331
1330,奈良県橿原市,34.509448,135.792626
1331,奈良県桜井市,34.518714,135.843216
1332,奈良県五條市,34.35203,135.693632
1333,奈良県御所市,34.463331,135.74024
1334,奈良県生駒市,34.69196,135.700536
1335,奈良県香芝市,34.541256,135.698937
1336,奈良県葛城市,34.511119,135.706917
1337,奈良県宇陀市,34.528029,135.952269
1338,奈良県山辺郡山添村,34.68128,136.0438
1339,奈良県生駒郡平群町,34.629174,135.700654
1340,奈良県生駒郡三郷町,34.600138,135.695525
1341,奈良県生駒郡斑鳩町,34.608849,135.730591
1342,奈良県生駒郡安堵町,34.60648,135.756781
1343,奈良県磯城郡川西町,34.584394,135.774038
1344,奈良県磯城郡三宅町,34.573698,135.773144
1345,奈良県磯城郡田原本町,34.556601,135.794876
1346,奈良県宇陀郡曽爾村,34.510647,136.124478
1347,奈良県宇陀郡御杖村,34.488389,136.165916
1348,奈良県高市郡高取町,34.449513,135.793175
1349,奈良県高市郡明日香村,34.471278,135.820641
1350,奈良県北葛城郡上牧町,34.562749,135.716629
1351,奈良県北葛城郡王寺町,34.594725,135.706551
1352,奈良県北葛城郡広陵町,34.542784,135.750835
1353,奈良県北葛城郡河合町,34.578472,135.736672
1354,奈良県吉野郡吉野町,34.396049,135.857618
1355,奈良県吉野郡大淀町,34.390562,135.789716
1356,奈良県吉野郡下市町,34.360981,135.791858
1357,奈良県吉野郡黒滝村,34.309307,135.852142
1358,奈良県吉野郡天川村,34.241909,135.855149
1359,奈良県吉野郡野迫川村,34.166257,135.633063
1360,奈良県吉野郡十津川村,33.988495,135.792415
1361,奈良県吉野郡下北山村,34.005038,135.955167
1362,奈良県吉野郡上北山村,34.134322,135.999988
1363,奈良県吉野郡川上村,34.338107,135.954325
1364,奈良県吉野郡東吉野村,34.403582,135.968365
1365,和歌山県和歌山市,34.230511,135.170808
1366,和歌山県海南市,34.155336,135.209223
1367,和歌山県橋本市,34.315053,135.605296
1368,和歌山県有田市,34.083095,135.127635
1369,和歌山県御坊市,33.891492,135.152346
1370,和歌山県田辺市,33.728034,135.377768
1371,和歌山県新宮市,33.724108,135.992955
1372,和歌山県紀の川市,34.26986,135.362757
1373,和歌山県岩出市,34.256295,135.311323
1374,和歌山県海草郡紀美野町,34.167225,135.307489
1375,和歌山県伊都郡かつらぎ町,34.296396,135.503836
1376,和歌山県伊都郡九度山町,34.287169,135.562245
1377,和歌山県伊都郡高野町,34.216069,135.586536
1378,和歌山県有田郡湯浅町,34.029394,135.190452
1379,和歌山県有田郡広川町,34.030032,135.172993
1380,和歌山県有田郡有田川町,34.065322,135.254432
1381,和歌山県日高郡美浜町,33.893756,135.133101
1382,和歌山県日高郡日高町,33.92573,135.140883
1383,和歌山県日高郡由良町,33.959223,135.118349
1384,和歌山県日高郡印南町,33.818367,135.218247
1385,和歌山県日高郡みなべ町,33.772324,135.321442
1386,和歌山県日高郡日高川町,33.911783,135.185875
1387,和歌山県西牟婁郡白浜町,33.678165,135.348134
1388,和歌山県西牟婁郡上富田町,33.696366,135.42883
1389,和歌山県西牟婁郡すさみ町,33.550151,135.49664
1390,和歌山県東牟婁郡那智勝浦町,33.62595,135.941067
1391,和歌山県東牟婁郡太地町,33.594031,135.943962
1392,和歌山県東牟婁郡古座川町,33.53184,135.814802
1393,和歌山県東牟婁郡北山村,33.932097,135.969207
1394,和歌山県東牟婁郡串本町,33.47247,135.781498
1395,鳥取県鳥取市,35.501133,134.235091
1396,鳥取県米子市,35.428072,133.330945
1397,鳥取県倉吉市,35.430179,133.825561
1398,鳥取県境港市,35.539592,133.231486
1399,鳥取県岩美郡岩美町,35.575993,134.33209
1400,鳥取県八頭郡若桜町,35.34017,134.400997
1401,鳥取県八頭郡智頭町,35.26505,134.226612
1402,鳥取県八頭町,35.409207,134.250526
1403,鳥取県東伯郡三朝町,35.408508,133.862306
1404,鳥取県東伯郡湯梨浜町,35.489959,133.864781
1405,鳥取県東伯郡琴浦町,35.495398,133.693278
1406,鳥取県東伯郡北栄町,35.49003,133.758355
1407,鳥取県西伯郡日吉津村,35.440207,133.380788
1408,鳥取県西伯郡大山町,35.510737,133.496114
1409,鳥取県西伯郡南部町,35.370784,133.361891
1410,鳥取県西伯郡伯耆町,35.385333,133.407164
1411,鳥取県日野郡日南町,35.163294,133.306233
1412,鳥取県日野郡日野町,35.240791,133.442786
1413,鳥取県日野郡江府町,35.283187,133.488561
1414,島根県松江市,35.46806,133.048375
1415,島根県浜田市,34.899303,132.079783
1416,島根県出雲市,35.367035,132.754682
1417,島根県益田市,34.674817,131.842862
1418,島根県大田市,35.192106,132.499293
1419,島根県安来市,35.431442,133.250915
1420,島根県江津市,35.011418,132.22093
1421,島根県雲南市,35.307726,132.900299
1422,島根県仁多郡奥出雲町,35.19743,133.002543
1423,島根県飯石郡飯南町,35.000035,132.713874
1424,島根県邑智郡川本町,34.994145,132.495496
1425,島根県邑智郡美郷町,35.07669,132.590559
1426,島根県邑智郡邑南町,34.893963,132.43797
1427,島根県鹿足郡津和野町,34.467185,131.773166
1428,島根県鹿足郡吉賀町,34.442094,131.867897
1429,島根県隠岐郡海士町,36.096571,133.096709
1430,島根県隠岐郡西ノ島町,36.093027,132.994422
1431,島根県隠岐郡知夫村,36.013929,133.039386
1432,島根県隠岐郡隠岐の島町,36.209014,133.32177
1433,岡山県岡山市北区,34.65534,133.919813
1434,岡山県岡山市中区,34.670842,133.94318
1435,岡山県岡山市東区,34.651443,134.029488
1436,岡山県岡山市南区,34.599777,133.919553
1437,岡山県倉敷市,34.585013,133.772084
1438,岡山県津山市,35.069116,134.004543
1439,岡山県玉野市,34.491943,133.945987
1440,岡山県笠岡市,34.50718,133.507441
1441,岡山県井原市,34.597672,133.463681
1442,岡山県総社市,34.672807,133.746528
1443,岡山県高梁市,34.791023,133.616733
1444,岡山県新見市,34.97703,133.470306
1445,岡山県備前市,34.74516,134.188044
1446,岡山県瀬戸内市,34.664887,134.092846
1447,岡山県赤磐市,34.755388,134.01884
1448,岡山県真庭市,35.075602,133.75273
1449,岡山県美作市,35.008588,134.148572
1450,岡山県浅口市,34.527839,133.584922
1451,岡山県和気郡和気町,34.849729,134.097923
1452,岡山県都窪郡早島町,34.600702,133.828354
1453,岡山県浅口郡里庄町,34.51379,133.556866
1454,岡山県小田郡矢掛町,34.627593,133.587085
1455,岡山県真庭郡新庄村,35.179458,133.567734
1456,岡山県苫田郡鏡野町,35.091833,133.932799
1457,岡山県勝田郡勝央町,35.04184,134.116183
1458,岡山県勝田郡奈義町,35.123024,134.177425
1459,岡山県英田郡西粟倉村,35.171331,134.336273
1460,岡山県久米郡久米南町,34.929246,133.960687
1461,岡山県久米郡美咲町,34.997953,133.958163
1462,岡山県加賀郡吉備中央町,34.860965,133.811806
1463,広島県広島市中区,34.386245,132.455018
1464,広島県広島市東区,34.39548,132.482429
1465,広島県広島市南区,34.379979,132.469033
1466,広島県広島市西区,34.393972,132.434421
1467,広島県広島市安佐南区,34.451844,132.47163
1468,広島県広島市安佐北区,34.518373,132.507753
1469,広島県広島市安芸区,34.371728,132.525417
1470,広島県広島市佐伯区,34.364446,132.36084
1471,広島県呉市,34.249254,132.565805
1472,広島県竹原市,34.341794,132.907088
1473,広島県三原市,34.397433,133.078658
1474,広島県尾道市,34.408876,133.204889
1475,広島県福山市,34.485899,133.362313
1476,広島県府中市,34.568347,133.236321
1477,広島県三次市,34.805574,132.851674
1478,広島県庄原市,34.857732,133.017277
1479,広島県大竹市,34.237977,132.222475
1480,広島県東広島市,34.42638,132.743307
1481,広島県廿日市市,34.348258,132.331622
1482,広島県安芸高田市,34.666307,132.704299
1483,広島県江田島市,34.223002,132.443855
1484,広島県安芸郡府中町,34.392486,132.50458
1485,広島県安芸郡海田町,34.372164,132.536089
1486,広島県安芸郡熊野町,34.335736,132.584637
1487,広島県安芸郡坂町,34.34124,132.513703
1488,広島県山県郡安芸太田町,34.576745,132.227141
1489,広島県山県郡北広島町,34.674558,132.538416
1490,広島県豊田郡大崎上島町,34.269633,132.915086
1491,広島県世羅郡世羅町,34.586828,133.056651
1492,広島県神石郡神石高原町,34.703661,133.247652
1493,山口県下関市,33.957831,130.941459
1494,山口県宇部市,33.951509,131.246786
1495,山口県山口市,34.178496,131.473727
1496,山口県萩市,34.408116,131.399085
1497,山口県防府市,34.051752,131.56269
1498,山口県下松市,34.01503,131.870342
1499,山口県岩国市,34.166562,132.218848
1500,山口県光市,33.961913,131.942282
1501,山口県長門市,34.370956,131.182195
1502,山口県柳井市,33.963833,132.101597
1503,山口県美祢市,34.166635,131.205678
1504,山口県周南市,34.055119,131.806186
1505,山口県山陽小野田市,34.003064,131.181967
1506,山口県大島郡周防大島町,33.927595,132.195234
1507,山口県玖珂郡和木町,34.202406,132.220408
1508,山口県熊毛郡上関町,33.830976,132.110743
1509,山口県熊毛郡田布施町,33.954703,132.041373
1510,山口県熊毛郡平生町,33.937988,132.073052
1511,山口県阿武郡阿武町,34.503335,131.471399
1512,徳島県徳島市,34.07027,134.554844
1513,徳島県鳴門市,34.172562,134.608786
1514,徳島県小松島市,34.004711,134.590674
1515,徳島県阿南市,33.921748,134.659469
1516,徳島県吉野川市,34.025689,134.259833
1517,徳島県阿波市,34.102148,134.297437
1518,徳島県美馬市,34.053403,134.169749
1519,徳島県三好市,34.026041,133.807263
1520,徳島県勝浦郡勝浦町,33.931408,134.511356
1521,徳島県勝浦郡上勝町,33.889162,134.402051
1522,徳島県名東郡佐那河内村,33.993208,134.453122
1523,徳島県名西郡石井町,34.074173,134.44069
1524,徳島県名西郡神山町,33.967291,134.350461
1525,徳島県那賀郡那賀町,33.820626,134.47883
1526,徳島県海部郡牟岐町,33.668407,134.420555
1527,徳島県海部郡美波町,33.734553,134.535444
1528,徳島県海部郡海陽町,33.602029,134.351997
1529,徳島県板野郡松茂町,34.133768,134.580556
1530,徳島県板野郡北島町,34.125578,134.546987
1531,徳島県板野郡藍住町,34.126587,134.49509
1532,徳島県板野郡板野町,34.144363,134.462618
1533,徳島県板野郡上板町,34.121384,134.404816
1534,徳島県美馬郡つるぎ町,34.037335,134.064074
1535,徳島県三好郡東みよし町,34.036783,133.936757
1536,香川県高松市,34.342788,134.046574
1537,香川県丸亀市,34.289506,133.797706
1538,香川県坂出市,34.316319,133.86051
1539,香川県善通寺市,34.228533,133.787113
1540,香川県観音寺市,34.128466,133.662811
1541,香川県さぬき市,34.325207,134.17212
1542,香川県東かがわ市,34.243809,134.358743
1543,香川県三豊市,34.182547,133.715219
1544,香川県小豆郡土庄町,34.486022,134.185807
1545,香川県小豆郡小豆島町,34.481998,134.233595
1546,香川県木田郡三木町,34.268284,134.134293
1547,香川県香川郡直島町,34.459703,133.995689
1548,香川県綾歌郡宇多津町,34.310298,133.825513
1549,香川県綾歌郡綾川町,34.249627,133.923066
1550,香川県仲多度郡琴平町,34.191417,133.823303
1551,香川県仲多度郡多度津町,34.272488,133.753605
1552,香川県仲多度郡まんのう町,34.192329,133.841402
1553,愛媛県松山市,33.839157,132.765575
1554,愛媛県今治市,34.066098,132.99786
1555,愛媛県宇和島市,33.22334,132.560557
1556,愛媛県八幡浜市,33.462898,132.423336
1557,愛媛県新居浜市,33.96029,133.283351
1558,愛媛県西条市,33.919511,133.18117
1559,愛媛県大洲市,33.506194,132.544509
1560,愛媛県伊予市,33.757429,132.703729
1561,愛媛県四国中央市,33.980761,133.549195
1562,愛媛県西予市,33.36262,132.510992
1563,愛媛県東温市,33.791024,132.872296
1564,愛媛県越智郡上島町,34.257336,133.204507
1565,愛媛県上浮穴郡久万高原町,33.655606,132.901671
1566,愛媛県伊予郡松前町,33.78744,132.711375
1567,愛媛県伊予郡砥部町,33.749263,132.792228
1568,愛媛県喜多郡内子町,33.532902,132.658007
1569,愛媛県西宇和郡伊方町,33.488574,132.354012
1570,愛媛県北宇和郡松野町,33.227189,132.710799
1571,愛媛県北宇和郡鬼北町,33.255857,132.684104
1572,愛媛県南宇和郡愛南町,32.962164,132.583324
1573,高知県高知市,33.559587,133.529279
1574,高知県室戸市,33.290009,134.152051
1575,高知県安芸市,33.502546,133.907166
1576,高知県南国市,33.575671,133.64146
1577,高知県土佐市,33.496044,133.425292
1578,高知県須崎市,33.400745,133.282953
1579,高知県宿毛市,32.939009,132.726286
1580,高知県土佐清水市,32.781634,132.954989
1581,高知県四万十市,32.991384,132.933749
1582,高知県香南市,33.564171,133.700488
1583,高知県香美市,33.603719,133.686003
1584,高知県安芸郡東洋町,33.527937,134.279974
1585,高知県安芸郡奈半利町,33.424181,134.020952
1586,高知県安芸郡田野町,33.427708,134.008293
1587,高知県安芸郡安田町,33.43857,133.981074
1588,高知県安芸郡北川村,33.447694,134.042067
1589,高知県安芸郡馬路村,33.55535,134.048108
1590,高知県安芸郡芸西村,33.526901,133.808914
1591,高知県長岡郡本山町,33.757107,133.591412
1592,高知県長岡郡大豊町,33.764291,133.664275
1593,高知県土佐郡土佐町,33.737064,133.531675
1594,高知県土佐郡大川村,33.783926,133.466608
1595,高知県吾川郡いの町,33.548754,133.427773
1596,高知県吾川郡仁淀川町,33.575245,133.168574
1597,高知県高岡郡中土佐町,33.337346,133.140361
1598,高知県高岡郡佐川町,33.500869,133.28653
1599,高知県高岡郡越知町,33.53292,133.251991
1600,高知県高岡郡檮原町,33.392246,132.926987
1601,高知県高岡郡日高村,33.534897,133.373353
1602,高知県高岡郡津野町,33.44658,133.199469
1603,高知県高岡郡四万十町,33.211653,133.137027
1604,高知県幡多郡大月町,32.841482,132.707026
1605,高知県幡多郡三原村,32.906013,132.847242
1606,高知県幡多郡黒潮町,33.02493,133.01092
1607,福岡県北九州市門司区,33.941138,130.959663
1608,福岡県北九州市若松区,33.905476,130.811143
1609,福岡県北九州市戸畑区,33.893508,130.829814
1610,福岡県北九州市小倉北区,33.880882,130.873419
1611,福岡県北九州市小倉南区,33.846525,130.884811
1612,福岡県北九州市八幡東区,33.863444,130.811863
1613,福岡県北九州市八幡西区,33.866465,130.764923
1614,福岡県福岡市東区,33.617746,130.417391
1615,福岡県福岡市博多区,33.591358,130.414878
1616,福岡県福岡市中央区,33.589216,130.392813
1617,福岡県福岡市南区,33.561569,130.426428
1618,福岡県福岡市西区,33.582939,130.323119
1619,福岡県福岡市城南区,33.575686,130.369976
1620,福岡県福岡市早良区,33.581941,130.348436
1621,福岡県大牟田市,33.030262,130.445985
1622,福岡県久留米市,33.319287,130.508374
1623,福岡県直方市,33.744184,130.729633
1624,福岡県飯塚市,33.645908,130.691511
1625,福岡県田川市,33.638982,130.806298
1626,福岡県柳川市,33.163089,130.405753
1627,福岡県八女市,33.211967,130.557908
1628,福岡県筑後市,33.212447,130.502093
1629,福岡県大川市,33.206594,130.383958
1630,福岡県行橋市,33.728773,130.982967
1631,福岡県豊前市,33.611511,131.130051
1632,福岡県中間市,33.81665,130.709077
1633,福岡県小郡市,33.396416,130.555438
1634,福岡県筑紫野市,33.496342,130.515657
1635,福岡県春日市,33.532571,130.470281
1636,福岡県大野城市,33.536307,130.478641
1637,福岡県宗像市,33.805431,130.540718
1638,福岡県太宰府市,33.512799,130.523906
1639,福岡県古賀市,33.728787,130.469987
1640,福岡県福津市,33.786866,130.469886
1641,福岡県うきは市,33.347297,130.754934
1642,福岡県宮若市,33.723568,130.666694
1643,福岡県嘉麻市,33.560662,130.766817
1644,福岡県朝倉市,33.423413,130.665573
1645,福岡県みやま市,33.152425,130.47472
1646,福岡県糸島市,33.55732,130.195555
1647,福岡県筑紫郡那珂川町,33.4996,130.422174
1648,福岡県糟屋郡宇美町,33.567779,130.511112
1649,福岡県糟屋郡篠栗町,33.623948,130.526256
1650,福岡県糟屋郡志免町,33.591473,130.479743
1651,福岡県糟屋郡須恵町,33.587268,130.507254
1652,福岡県糟屋郡新宮町,33.715295,130.446566
1653,福岡県糟屋郡久山町,33.646809,130.499834
1654,福岡県糟屋郡粕屋町,33.610743,130.480523
1655,福岡県遠賀郡芦屋町,33.893801,130.663896
1656,福岡県遠賀郡水巻町,33.854748,130.694847
1657,福岡県遠賀郡岡垣町,33.853599,130.611104
1658,福岡県遠賀郡遠賀町,33.848151,130.668438
1659,福岡県鞍手郡小竹町,33.6925,130.712771
1660,福岡県鞍手郡鞍手町,33.792218,130.673975
1661,福岡県嘉穂郡桂川町,33.578933,130.677904
1662,福岡県朝倉郡筑前町,33.456977,130.5953
1663,福岡県東峰村,33.464292,130.825892
1664,福岡県三井郡大刀洗町,33.372372,130.62248
1665,福岡県三潴郡大木町,33.210469,130.439733
1666,福岡県八女郡広川町,33.241553,130.551505
1667,福岡県田川郡香春町,33.667933,130.847335
1668,福岡県田川郡添田町,33.571855,130.853955
1669,福岡県田川郡糸田町,33.652789,130.779091
1670,福岡県田川郡川崎町,33.59994,130.814937
1671,福岡県田川郡大任町,33.612478,130.853714
1672,福岡県田川郡赤村,33.616592,130.871035
1673,福岡県田川郡福智町,33.683261,130.780121
1674,福岡県京都郡苅田町,33.775921,130.98051
1675,福岡県京都郡みやこ町,33.699262,130.920401
1676,福岡県築上郡吉富町,33.602643,131.175948
1677,福岡県築上郡上毛町,33.578408,131.164113
1678,福岡県築上郡築上町,33.656112,131.056063
1679,佐賀県佐賀市,33.263482,130.300858
1680,佐賀県唐津市,33.450174,129.968134
1681,佐賀県鳥栖市,33.377755,130.506258
1682,佐賀県多久市,33.28851,130.110061
1683,佐賀県伊万里市,33.264586,129.880269
1684,佐賀県武雄市,33.193749,130.019151
1685,佐賀県鹿島市,33.103724,130.098769
1686,佐賀県小城市,33.273665,130.216864
1687,佐賀県嬉野市,33.128084,130.060114
1688,佐賀県神埼市,33.310763,130.37306
1689,佐賀県神埼郡吉野ヶ里町,33.351679,130.398357
1690,佐賀県三養基郡基山町,33.426852,130.522813
1691,佐賀県三養基郡上峰町,33.319626,130.426134
1692,佐賀県三養基郡みやき町,33.324982,130.454698
1693,佐賀県東松浦郡玄海町,33.472183,129.874698
1694,佐賀県西松浦郡有田町,33.210563,129.849217
1695,佐賀県杵島郡大町町,33.213754,130.116084
1696,佐賀県杵島郡江北町,33.220592,130.157528
1697,佐賀県杵島郡白石町,33.181035,130.143496
1698,佐賀県藤津郡太良町,33.019407,130.178974
1699,長崎県長崎市,32.750286,129.877667
1700,長崎県佐世保市,33.179915,129.71511
1701,長崎県島原市,32.788103,130.370286
1702,長崎県諫早市,32.843438,130.053095
1703,長崎県大村市,32.90009,129.958142
1704,長崎県平戸市,33.368062,129.553671
1705,長崎県松浦市,33.341021,129.709045
1706,長崎県対馬市,34.202662,129.28749
1707,長崎県壱岐市,33.74995,129.691352
1708,長崎県五島市,32.695524,128.840829
1709,長崎県西海市,32.933067,129.642977
1710,長崎県雲仙市,32.835197,130.1875
1711,長崎県南島原市,32.659777,130.297864
1712,長崎県西彼杵郡長与町,32.825189,129.875045
1713,長崎県西彼杵郡時津町,32.828888,129.848536
1714,長崎県東彼杵郡東彼杵町,33.037026,129.917149
1715,長崎県東彼杵郡川棚町,33.072776,129.86119
1716,長崎県東彼杵郡波佐見町,33.13789,129.895546
1717,長崎県北松浦郡小値賀町,33.191081,129.058749
1718,長崎県北松浦郡佐々町,33.238342,129.650345
1719,長崎県南松浦郡新上五島町,32.984645,129.073391
1720,熊本県熊本市中央区,32.803225,130.708191
1721,熊本県熊本市東区,32.780522,130.768069
1722,熊本県熊本市西区,32.776358,130.647542
1723,熊本県熊本市南区,32.715333,130.678877
1724,熊本県熊本市北区,32.903544,130.694411
1725,熊本県八代市,32.507437,130.601743
1726,熊本県人吉市,32.210041,130.762554
1727,熊本県荒尾市,32.986836,130.432959
1728,熊本県水俣市,32.21188,130.408723
1729,熊本県玉名市,32.93522,130.56284
1730,熊本県山鹿市,33.017578,130.691365
1731,熊本県菊池市,32.979483,130.813333
1732,熊本県宇土市,32.687385,130.658521
1733,熊本県上天草市,32.587419,130.430527
1734,熊本県宇城市,32.647847,130.684365
1735,熊本県阿蘇市,32.951954,131.120955
1736,熊本県天草市,32.458635,130.192982
1737,熊本県合志市,32.885988,130.789707
1738,熊本県下益城郡美里町,32.639589,130.789026
1739,熊本県玉名郡玉東町,32.9189,130.628543
1740,熊本県玉名郡南関町,33.06161,130.541162
1741,熊本県玉名郡長洲町,32.929678,130.452808
1742,熊本県玉名郡和水町,32.978106,130.605835
1743,熊本県菊池郡大津町,32.87899,130.868223
1744,熊本県菊池郡菊陽町,32.862515,130.828623
1745,熊本県阿蘇郡南小国町,33.09866,131.07037
1746,熊本県阿蘇郡小国町,33.121568,131.068144
1747,熊本県阿蘇郡産山村,32.99576,131.216781
1748,熊本県阿蘇郡高森町,32.827279,131.122011
1749,熊本県阿蘇郡西原村,32.834825,130.90301
1750,熊本県阿蘇郡南阿蘇村,32.821982,131.031438
1751,熊本県上益城郡御船町,32.714616,130.801894
1752,熊本県上益城郡嘉島町,32.740076,130.757259
1753,熊本県上益城郡益城町,32.79143,130.816382
1754,熊本県上益城郡甲佐町,32.651599,130.811465
1755,熊本県上益城郡山都町,32.685453,130.990455
1756,熊本県八代郡氷川町,32.5825,130.673786
1757,熊本県葦北郡芦北町,32.298941,130.492978
1758,熊本県葦北郡津奈木町,32.233842,130.439583
1759,熊本県球磨郡錦町,32.201197,130.841115
1760,熊本県球磨郡多良木町,32.263997,130.935784
1761,熊本県球磨郡湯前町,32.276284,130.980902
1762,熊本県球磨郡水上村,32.314342,131.009546
1763,熊本県球磨郡相良村,32.235269,130.798095
1764,熊本県球磨郡五木村,32.397277,130.827816
1765,熊本県球磨郡山江村,32.246806,130.766675
1766,熊本県球磨郡球磨村,32.252431,130.651163
1767,熊本県球磨郡あさぎり町,32.240316,130.897793
1768,熊本県天草郡苓北町,32.513193,130.054804
1769,大分県大分市,33.239558,131.609272
1770,大分県別府市,33.28462,131.491214
1771,大分県中津市,33.598221,131.188325
1772,大分県日田市,33.321333,130.940966
1773,大分県佐伯市,32.959806,131.900058
1774,大分県臼杵市,33.126012,131.805124
1775,大分県津久見市,33.072183,131.861277
1776,大分県竹田市,32.97372,131.398002
1777,大分県豊後高田市,33.557229,131.444624
1778,大分県杵築市,33.417026,131.616089
1779,大分県宇佐市,33.531972,131.349545
1780,大分県豊後大野市,32.977536,131.584133
1781,大分県由布市,33.180013,131.426856
1782,大分県国東市,33.565313,131.731674
1783,大分県東国東郡姫島村,33.724537,131.645139
1784,大分県速見郡日出町,33.369443,131.532387
1785,大分県玖珠郡九重町,33.228519,131.188794
1786,大分県玖珠郡玖珠町,33.283132,131.15155
1787,宮崎県宮崎市,31.907674,131.420241
1788,宮崎県都城市,31.71959,131.061621
1789,宮崎県延岡市,32.582272,131.665009
1790,宮崎県日南市,31.601932,131.378728
1791,宮崎県小林市,31.996731,130.972588
1792,宮崎県日向市,32.422944,131.623965
1793,宮崎県串間市,31.464539,131.228303
1794,宮崎県西都市,32.108554,131.401202
1795,宮崎県えびの市,32.045344,130.810796
1796,宮崎県北諸県郡三股町,31.730686,131.124809
1797,宮崎県西諸県郡高原町,31.928463,131.007751
1798,宮崎県東諸県郡国富町,31.990644,131.323535
1799,宮崎県東諸県郡綾町,31.999133,131.253187
1800,宮崎県児湯郡高鍋町,32.127999,131.503355
1801,宮崎県児湯郡新富町,32.068868,131.488017
1802,宮崎県児湯郡西米良村,32.226232,131.154476
1803,宮崎県児湯郡木城町,32.163969,131.473537
1804,宮崎県児湯郡川南町,32.192071,131.525868
1805,宮崎県児湯郡都農町,32.256293,131.559568
1806,宮崎県東臼杵郡門川町,32.469793,131.648589
1807,宮崎県東臼杵郡諸塚村,32.512387,131.330405
1808,宮崎県東臼杵郡椎葉村,32.467325,131.158118
1809,宮崎県東臼杵郡美郷町,32.437404,131.422493
1810,宮崎県西臼杵郡高千穂町,32.71169,131.307787
1811,宮崎県西臼杵郡日之影町,32.653816,131.388146
1812,宮崎県西臼杵郡五ヶ瀬町,32.68302,131.196379
1813,鹿児島県鹿児島市,31.596554,130.557116
1814,鹿児島県鹿屋市,31.378292,130.852077
1815,鹿児島県枕崎市,31.2729,130.296904
1816,鹿児島県阿久根市,32.01447,130.192773
1817,鹿児島県出水市,32.090572,130.352753
1818,鹿児島県指宿市,31.25277,130.633031
1819,鹿児島県西之表市,30.732412,130.996835
1820,鹿児島県垂水市,31.492734,130.700914
1821,鹿児島県薩摩川内市,31.813517,130.304244
1822,鹿児島県日置市,31.633709,130.402425
1823,鹿児島県曽於市,31.653621,131.019391
1824,鹿児島県霧島市,31.740899,130.762997
1825,鹿児島県いちき串木野市,31.714553,130.271929
1826,鹿児島県南さつま市,31.416612,130.323408
1827,鹿児島県志布志市,31.495442,131.045336
1828,鹿児島県奄美市,28.377248,129.493741
1829,鹿児島県南九州市,31.378262,130.441645
1830,鹿児島県伊佐市,32.057225,130.613105
1831,鹿児島県姶良市,31.728228,130.627816
1832,鹿児島県鹿児島郡三島村,30.79217,130.303757
1833,鹿児島県鹿児島郡十島村,29.837598,129.868198
1834,鹿児島県薩摩郡さつま町,31.905701,130.45566
1835,鹿児島県出水郡長島町,32.199375,130.176833
1836,鹿児島県姶良郡湧水町,31.95158,130.720924
1837,鹿児島県曽於郡大崎町,31.429201,131.005865
1838,鹿児島県肝属郡東串良町,31.385517,130.973495
1839,鹿児島県肝属郡錦江町,31.243566,130.787595
1840,鹿児島県肝属郡南大隅町,31.217263,130.768098
1841,鹿児島県肝属郡肝付町,31.344256,130.945079
1842,鹿児島県熊毛郡中種子町,30.532822,130.95885
1843,鹿児島県熊毛郡南種子町,30.414071,130.90086
1844,鹿児島県熊毛郡屋久島町,30.371299,130.666468
1845,鹿児島県大島郡大和村,28.358089,129.395263
1846,鹿児島県大島郡宇検村,28.280731,129.297092
1847,鹿児島県大島郡瀬戸内町,28.146402,129.314902
1848,鹿児島県大島郡龍郷町,28.413297,129.589351
1849,鹿児島県大島郡喜界町,28.316836,129.940032
1850,鹿児島県大島郡徳之島町,27.726592,129.018669
1851,鹿児島県大島郡天城町,27.811782,128.897702
1852,鹿児島県大島郡伊仙町,27.673547,128.937795
1853,鹿児島県大島郡和泊町,27.392287,128.655475
1854,鹿児島県大島郡知名町,27.333676,128.57373
1855,鹿児島県大島郡与論町,27.048527,128.414832
1856,沖縄県那覇市,26.212312,127.679157
1857,沖縄県宜野湾市,26.281575,127.778634
1858,沖縄県石垣市,24.340661,124.15558
1859,沖縄県浦添市,26.245816,127.721799
1860,沖縄県名護市,26.591547,127.977316
1861,沖縄県糸満市,26.123584,127.665815
1862,沖縄県沖縄市,26.334427,127.805583
1863,沖縄県豊見城市,26.161006,127.668944
1864,沖縄県うるま市,26.427062,127.829081
1865,沖縄県宮古島市,24.80549,125.281149
1866,沖縄県南城市,26.144452,127.766967
1867,沖縄県国頭郡国頭村,26.745635,128.177907
1868,沖縄県国頭郡大宜味村,26.701708,128.120164
1869,沖縄県国頭郡東村,26.633309,128.156911
1870,沖縄県国頭郡今帰仁村,26.682577,127.972628
1871,沖縄県国頭郡本部町,26.657577,127.897831
1872,沖縄県国頭郡恩納村,26.4975,127.853557
1873,沖縄県国頭郡宜野座村,26.481659,127.975589
1874,沖縄県国頭郡金武町,26.456126,127.925936
1875,沖縄県国頭郡伊江村,26.713482,127.80707
1876,沖縄県中頭郡読谷村,26.396055,127.744277
1877,沖縄県中頭郡嘉手納町,26.361662,127.755322
1878,沖縄県中頭郡北谷町,26.320119,127.763776
1879,沖縄県中頭郡北中城村,26.30111,127.793149
1880,沖縄県中頭郡中城村,26.267379,127.791126
1881,沖縄県中頭郡西原町,26.222845,127.758811
1882,沖縄県島尻郡与那原町,26.199577,127.754768
1883,沖縄県島尻郡南風原町,26.191119,127.728551
1884,沖縄県島尻郡渡嘉敷村,26.197343,127.364286
1885,沖縄県島尻郡座間味村,26.228892,127.303157
1886,沖縄県島尻郡粟国村,26.58237,127.227187
1887,沖縄県島尻郡渡名喜村,26.372061,127.141021
1888,沖縄県島尻郡南大東村,25.828684,131.232015
1889,沖縄県島尻郡北大東村,25.945951,131.298994
1890,沖縄県島尻郡伊平屋村,27.039054,127.968666
1891,沖縄県島尻郡伊是名村,26.928363,127.941209
1892,沖縄県島尻郡久米島町,26.349033,126.747248
1893,沖縄県島尻郡八重瀬町,26.121745,127.74253
1894,沖縄県宮古郡多良間村,24.669397,124.701668
1895,沖縄県八重山郡竹富町,24.286667,123.881667
1896,沖縄県八重山郡与那国町,24.467969,123.004453